Applicant_ID,Income,Credit_Score,Age,Employment_Years,Debt_to_Income,Gender,Zip_Code,Loan_Amount,Default_History
A001,45000.0,620,28,3.0,0.45,Female,10001,15000.0,0
ea0260bc-d1c5-49c5-a751-d0c688db20fc,72166.21090178643,711,47,14.358739093469623,0.4541823141031127,Female,71914,18841.568876161913,0
9360c204-65a2-4502-9fe0-85014036c320,55974.26032013479,673,48,7.446279584997223,0.2021236289368914,Female,73888,27178.659251101817,0
250d3ae9-4695-4d56-9c80-a0c115e5029c,76016.05772156766,604,55,6.428449001335995,0.2653601325187005,Female,89286,44550.05299305085,0
6b4168c3-d6c6-4ad7-8f3c-73c05cadda07,98337.26133840466,548,28,0.0,0.40272641059973635,Female,71293,26654.820446675323,0
f3fbbbbb-d4e7-4ee6-82f8-19eff986555e,62975.39875829992,705,52,4.416850337998028,0.15521510986823134,Male,92524,26138.365577811623,0
ada53a5f-6460-4865-87e1-bce6344706f9,62975.89129152458,681,25,1.3845613518206878,0.20830959012077732,Male,78515,34339.9479091772,0
d224f9a7-519f-4040-aff1-42e32b0baa26,117376.38446522175,721,20,2.994705749378069,0.12484099685846087,Male,33524,29334.546332649807,0
6501cf6f-0224-4d90-b19e-5ee9e43d7bfb,79069.58559339917,650,31,14.353316880962343,0.47673421393238424,Female,17065,23507.993424947726,0
c44fc4d7-6e0e-4caa-91e8-0cb55e24bdc2,47528.403158658715,683,77,5.573107545999949,0.531250921769455,Female,47684,14178.259852038365,0
d4f0c4e0-6806-4f76-a02a-ee0624b1ed96,73335.28111144209,557,30,0.6205021114194569,0.06308775157604096,Female,98720,26177.333362981844,0
47b96191-3613-462c-87ee-51d3a4bf4c12,56097.46921562613,755,62,11.872667273456521,0.2786721751517665,Other,43365,41415.99695624711,0
1778d09e-2490-4094-b9c9-30fb82f07baa,56028.10739289229,665,49,9.776377381187245,0.5110888462597417,Male,68876,51730.068804980816,0
91dd0f89-0c5b-4bb0-9fcd-e032892508f6,77258.86814698103,816,51,10.038267463001983,0.35980427754333566,Male,33704,29384.149623533653,0
283e6c91-db0b-4234-a55c-da9eebf8df39,20000.0,594,62,0.0,0.2266141150501358,Male,67857,36327.417026439594,1
820529cf-47d7-4ba5-9856-001d418941fb,20000.0,788,78,14.743354788607428,0.06807568205836517,Male,15622,29045.96060744218,0
dce9ed96-5b85-43de-9f08-dd632ca8d574,53131.37412277082,665,36,2.207426289530564,0.47294168277342963,Male,93797,23690.059533945958,0
307e0ac0-dbff-4974-b289-a051ebbcca43,39615.06638996729,597,76,8.889773863963777,0.3540772822416746,Male,97700,32713.85617919027,1
37daa836-d2c3-4e30-915d-7861dd0f1473,67513.30698117948,561,55,17.61899895308516,0.07905204183873668,Female,89332,42839.99251468726,0
0c9c373a-3bab-4495-bf83-a718d0040a3c,36345.38607420912,574,33,15.776663740953087,0.4784836580812486,Female,76201,11704.572459712821,0
951ba586-3acc-4529-a977-ab948f7afc5a,23486.255615950067,633,19,0.11218937263656503,0.05993946573631953,Female,42694,3229.049465306369,0
b6b1b6a6-2b37-462c-b5b6-98303f189f94,96874.04360749963,641,57,0.0,0.26692707687488826,Female,99766,17004.876255453008,0
8a2d8832-9fa9-4cda-af7b-67d55b7a5156,63226.71098540393,604,34,12.151732994239639,0.2603077944941806,Male,32995,28174.929149495554,0
993904ae-1413-4a80-a922-e4bb4090f4f0,61221.96921954206,598,72,5.7102790579699985,0.5427571993271753,Female,90141,38048.07426431847,1
74bdb1a2-9dbb-4c80-84f6-ef5ccd9044a4,23168.921251556854,771,51,2.4955927934896005,0.2608430712179771,Female,92999,10157.382627167677,0
4168dcf9-573a-469a-9add-18233ece0dea,45618.24052460784,738,59,8.106092734695238,0.26030359705489126,Female,18419,1000.0,0
97acb527-8333-40fb-b08f-21ac59d01d8b,73327.67769129598,684,77,4.185602112702795,0.09553824826534593,Male,57952,17358.270149934757,0
28e48a42-fa28-488a-8cda-d4b1bb828611,35470.19267733092,653,33,8.506620685243718,0.20394034814120915,Male,43837,22091.286615126457,0
641fb05c-b3fe-4284-a1dc-ba7ea44af265,81270.94055037016,659,55,5.334909039093664,0.17740568086790365,Male,80799,7565.897748828429,0
84ede302-0f62-4f9d-a701-747c00ef0e9c,44183.71340707047,649,77,8.611939641640834,0.18521664509929608,Female,58877,13658.636067740323,0
935f194c-45a4-4141-ae6d-f30e09a5df78,52061.80938027144,518,19,0.5273365543180573,0.30094267873378094,Female,55687,38009.25115130497,0
9fa37746-e3ad-4ea9-9a99-1832a5d77ee1,44156.48138815038,579,19,12.122310065663173,0.0,Female,47276,26171.801043941487,0
84a3ff05-9d4f-4b3f-9d05-990f65f3b3fd,125568.34553526813,516,43,8.488116853662191,0.07346546318746536,Male,44523,30184.331779139764,0
442814fd-d42f-490a-a9b3-ba7b020452b3,59155.82076918269,631,30,8.231486847017862,0.2833471689589268,Female,76055,19664.766525841787,1
c91ddae6-b5b7-4813-8208-1bcbf55fa598,32528.371311624545,651,73,0.0,0.3181882024655897,Female,64615,13688.343835625112,0
e20eaba8-126f-49cf-b87e-d38ce1c34e15,94676.34736309567,611,64,13.498162083221235,0.26498508020341566,Male,20514,19556.52655863784,0
2fea91ca-8b8c-412b-af20-c40a9e16ac37,33374.690500869336,775,48,4.931419503168659,0.29388082653225583,Male,57456,32483.20291269538,0
dcca8b6e-f9f5-49ad-aa23-a53e9a206e70,64826.02167262125,501,77,8.640244312149205,0.23863250795171229,Female,17233,2630.1968298817483,1
af0b9a62-8398-400c-85a3-935585002e0f,20000.0,532,51,3.3858776812669564,0.29722430951555057,Male,11102,49752.55389748017,1
7dba26b1-36bc-4fa4-9183-b5b6b8705724,25631.255753090023,617,56,6.304445323410485,0.36512133303933236,Female,76133,33622.87743523604,0
4f4ca881-5e54-4c54-9648-3fdd094cc07a,75905.8370760737,733,20,6.485636760597021,0.36407005930314906,Other,56715,16961.798435639274,0
b198f99c-1047-4d43-93e3-64103f6805dc,78330.89778988296,734,25,0.0,0.19665623828122564,Female,95193,37201.10676829751,0
3bb63acf-5ae7-4397-9c31-d25e76e7c93e,63869.89117034424,563,40,7.912240623274156,0.4372642109374425,Female,16256,43335.23600609662,1
c491dbfa-dba0-44ac-acef-5af21391d9f5,56550.96879909986,686,31,14.826707308610423,0.3235663041754979,Female,74800,20044.929255963423,0
7c479b5e-fcfd-49cd-8769-468d963259a0,51821.85576247313,596,73,7.698901294959786,0.48483209345096534,Female,51548,21751.22815352408,1
ddb70935-2636-4a9d-8795-068a1852a0b2,25644.340288977182,636,79,0.211458755551309,0.5149308646900622,Male,82090,47402.113202095075,0
49884d7a-31bc-4337-b5e4-2d6af4e76a76,48404.67374815874,720,72,8.249807830769434,0.08359099179401311,Male,88200,56784.62720377148,0
7e0b63bf-21fc-4802-944c-d6031be19b84,56180.836871206375,702,44,10.297402650866694,0.17114586916969363,Male,52367,25441.534863521614,0
78fc2a71-2a1b-4ea3-93ba-9a68bd04c89b,86456.61676858235,473,71,7.562332580951935,0.42203220599558255,Female,99922,7626.784793665385,0
08f273ee-8f46-4501-b073-ef24a378828a,80308.54868705384,768,46,4.629364467849781,0.05026613698065788,Male,80382,17940.967676131622,0
42475163-0401-4b49-9759-01bc4cb5e5fc,20000.0,760,56,3.7892538708803465,0.513026544404006,Male,36205,40495.23616703801,0
8b3f9ccc-5a9e-4dd8-b06c-72261a098d71,79722.51908184384,599,70,3.7684512231659646,0.2484176707781006,Male,35570,9546.770559793084,0
ac680f3c-a492-42ce-b3b9-b8caf506b271,49680.401849383925,631,56,8.488884505056063,0.38625495526635273,Female,40255,21875.752003614718,0
e5b1a768-35d8-4207-8c62-83965502353f,49692.33999082124,689,18,0.0,0.28254140057088356,Other,31182,29388.773221474446,0
ae5f3fe9-8682-4b85-8a95-14655a440cd8,88350.28866522603,670,34,3.140634195722967,0.09114157083244692,Other,49373,11159.27970388499,0
2de2e4de-2001-4ce6-b232-d58746b5364a,85790.48782364675,555,58,12.978049115054741,0.45833169031979626,Female,53019,41446.51842814115,0
82632f41-80eb-4192-bb6c-da92c513ddb6,83247.64303746307,546,47,13.17097633288588,0.7126084545805995,Female,72619,35409.512728065616,0
a4a75436-35e0-45f4-b19e-54f1e0a5bec8,38099.95315782272,597,70,0.0,0.22274875854664622,Female,26043,55143.18864287938,1
5527348d-4b90-4639-99a2-281190d375ac,51615.08441579402,693,30,0.0,0.25164621737321363,Female,55532,36721.91343786658,0
8463eb13-c1d9-494b-bd43-d32c33f7fd0b,67947.21750079088,643,38,3.646897102360316,0.0,Female,75936,10586.655466509423,0
159c91bf-2f36-4cfe-b535-a79dd1258d4a,99266.35381367078,620,36,9.462947585571762,0.5027254355184181,Male,29239,32955.53591363787,1
2880be42-3608-42a3-ac61-42b4eb1a889d,47281.0569349451,661,70,0.0,0.43676479842630045,Female,20416,39820.32510273784,0
543171bc-f54d-4345-807e-6633df0bd97d,64430.230700085485,422,36,4.72595682541261,0.03999242069176284,Male,13412,40592.182211880194,1
0733f2f8-948d-44bc-be88-08329ec9ffba,36809.950779819155,741,74,2.6291042171017747,0.0,Male,91976,13347.367781638955,0
9c2d762e-0fd1-4ce2-a282-188220b43dfc,28996.731085942894,460,42,11.629823371426168,0.007615307525210224,Female,34406,11554.934464667873,1
66cd735c-e6d6-4f0e-8727-68548ae8e640,94375.77467182594,621,39,0.0,0.39677536880592273,Male,11875,7905.443213364826,1
bfb03620-9488-480c-87ab-b10e65a5fd10,110687.2008571247,560,48,5.462703077468112,0.41174871294211235,Male,47066,49070.979912083,1
166b887d-3edb-46da-8c30-72fdf7e86bd7,57663.74189970149,496,34,3.0319528132570315,0.16149990834468175,Female,15752,34343.182357630576,0
1470769d-657d-40bd-9efc-d80025fd28cb,100105.98693676072,742,72,12.348994631386441,0.37488900470741976,Male,96753,12681.720636869339,0
78631577-be2f-44ad-8cb7-e37fd528f985,68721.71863871466,562,40,7.988263231766249,0.32383156814867287,Female,88025,26907.834081356807,0
eb01d182-7117-4dc4-8cb3-635f23d838c6,43049.44625756933,627,49,2.0709217037113263,0.2449095439718672,Female,11353,23144.690298984642,0
3745c51d-5e19-4ffa-9b83-6f0849f7e1b2,68715.58794046455,596,79,9.266932216645412,0.445529524002795,Female,36986,10411.277965514757,1
19ac3149-d372-4323-b93d-c73b1460b675,98719.9324448822,638,27,3.0558557334571312,0.1192596598157942,Female,96907,25542.759159349047,0
43f5cc86-dc4e-4fb2-bd26-3e6a7a4f2f2c,58586.43600269624,606,27,9.996648556198767,0.47213088203908427,Female,24691,27860.429315806585,0
757c13a7-c135-4421-bf4e-fc6947551945,99398.41322325716,497,53,3.814615045572109,0.1907217668978471,Female,79847,53968.79641977849,0
8e318089-7120-4b57-8746-bb9a8d95dcfa,17000.0,679,25,10.273332893843817,0.5672305022950567,Female,58075,15164.687113505903,0
c3c8b47d-fdc8-48dc-bc9f-daa88ab3d8b1,80458.51386156821,560,71,7.1804097756362495,0.14920409647778002,Female,20794,1000.0,0
e54441cd-48eb-42a8-a609-d4f5f76f1784,61719.70024007336,475,69,21.302455403457117,0.24726418820998095,Female,78470,9265.693969660342,0
936bee38-eff9-48ca-99dc-6af6ab4c66f1,51875.31256312037,565,37,4.735519972919978,0.30878807063135294,Female,26406,11610.288648516665,0
d6ace2a6-6632-4195-8a9a-b2ccc9da882c,72752.82329606506,770,49,6.9143114581072425,0.30784778217337244,Male,85930,18596.09235950657,1
3aaf03ef-c9d2-4fca-b185-08eafe5b71c4,20000.0,718,67,2.602876291420344,0.3736242750927143,Male,36872,9302.444063092864,0
68ee28ce-9770-4551-885b-fb4101c70f27,53898.36686014345,572,31,5.013426703773893,0.10714763726299839,Female,51708,37331.83008728409,1
0e3825bc-1741-429e-b684-ae6d726e4a9d,80713.3771453524,622,67,0.0,0.2944031387630047,Male,30800,8259.508554857803,0
891dda88-f4e9-443f-80d6-8dc37f36880a,114336.82134224547,624,45,7.327920082705161,0.32071975596040814,Male,53397,25300.269524488453,0
4a74f618-d0a3-4b90-acb3-90f7dd39a2e8,46284.10943402199,766,63,11.71437106474706,0.220839266395781,Female,47909,55002.88275283262,0
fd1dfff8-699c-4ad7-bbeb-b7a9c3ecb42e,45745.19191320437,680,69,6.983150022996772,0.36060879261891265,Male,31352,33303.524076454356,1
647230b2-9b02-4e86-a35f-9129547c038f,54947.2886924639,684,70,0.0,0.09804451297683286,Male,25438,31761.35517568539,0
81f423ef-ab7b-4be4-a52f-e909418ff617,97462.06353106222,732,41,0.991064236454994,0.25103191664239743,Other,98921,52859.7430111774,0
69e77386-976c-45e0-a746-13897818a881,67883.15329632195,619,32,0.0,0.1870223813394501,Female,54999,43684.743463554594,0
f44fd33c-e741-472f-9ff8-d369dcfde3f1,54107.19388698884,629,39,9.89462003432712,0.25148536056764714,Male,28482,33476.865510289055,0
8a75c97c-5468-43f2-8caf-1dc6e97c6f7f,85398.02299340068,634,47,0.0,0.5170553189881805,Other,42471,20339.097250832965,0
3fdff10c-cac3-46ed-b3b1-4dcc448502f6,72912.32648044122,644,80,4.85645704893886,0.51996835892361,Other,57279,24659.666878153097,0
0c75eff6-d818-40d6-8b5a-97d4ebd98540,99059.34971598667,647,21,4.2313121383639,0.49056246908718304,Male,64213,23930.441985006903,0
ee5c185e-149f-42c3-9467-0a07112c0bc8,48938.40718367943,708,30,12.438635178291333,0.23066140798787227,Male,23026,18978.616786418374,0
df829c4e-705f-4109-93f1-3229c593eac2,51144.61526175691,604,76,5.426406589828693,0.4361427415200311,Female,95184,28180.547678243867,0
0b00d47a-b226-4abf-b82c-8c39319e5f51,49501.24209512998,658,40,9.044464600530048,0.31685431903887057,Female,15435,30261.215455714842,0
6753cc12-eec8-41d5-8ffc-c04c1d14d982,22180.368822630975,593,25,7.732318820738312,0.30683845552545125,Female,18493,6330.572992626614,1
0a651fd3-6733-43b9-a2c7-78e9e3fee80f,67051.06706514668,606,35,11.797057099806997,0.2883957978571246,Female,82227,49480.63749943448,0
1cf1015f-8736-45b1-878a-5e42bba35cc9,66156.90944058719,440,29,3.8043815274852064,0.5637626786068688,Female,69321,31146.962696099225,1
39f39f4c-bfbb-4151-ac39-867b979199fc,70153.40369927383,723,72,14.348076652522584,0.5048757908334696,Male,12763,21058.255570740737,1
2a9e62b1-c4a4-4b55-9cb9-a950912442b5,53518.028098933755,627,48,0.0,0.4117344627670646,Female,30389,28317.639680941862,0
e29fb52a-7fc0-46b4-9b85-95e0fae1b9db,27538.877738487572,729,31,9.28736749000618,0.274454855173406,Male,41498,38955.53336737901,0
22ccc5dc-859b-4139-9e1c-a20e9a147aac,48773.54426948335,368,51,0.6669019566793395,0.3059341137381843,Female,73755,2999.7038112116134,1
0ffe0095-d9b0-432d-971c-0164154127e5,50760.77982856737,767,35,2.5362522361002373,0.37958499068066015,Female,45825,23424.08910279631,0
8da562a5-3179-431a-bb19-7156795b0e53,45931.68192335143,638,73,7.847071334505177,0.22175866322189663,Male,26934,7212.163377065008,0
d6baeb55-82cc-4aaf-8bbb-7fa5f1f30c8b,55387.21435251676,688,51,7.807010249238714,0.4407473573946756,Female,15574,64855.05731463431,0
8db213cd-70f2-4527-ac83-3863dc685ced,82121.52570443615,566,80,8.032140068450357,0.161813233283564,Male,48179,27072.790716529224,1
dd298437-160f-47ca-9a04-60bdb63a1af0,126585.5770363159,699,28,0.0,0.35877655319961077,Male,11587,7333.815286007404,0
7b7dff69-3135-425d-9137-d19f6c51c298,63951.7342272119,515,58,12.2451511563962,0.0,Female,52782,78992.00171046089,0
26f70dc4-06ca-4053-9b53-51b3da55e5d9,77726.51172168294,600,29,0.49676440886162165,0.21740722100968052,Male,64412,16959.721318294163,0
80044707-37a3-4825-9e74-5fb4f378d440,57601.62914796274,753,66,1.163564548874004,0.6116515699379165,Female,70561,21863.80122885689,0
9d2f64b8-ab9b-4c18-bfc0-f7cf63386af0,20000.0,634,32,8.189483690834143,0.4554287241587866,Male,87224,22948.02640021956,1
4d640bae-3dbc-4c6d-a920-4bcece5b752c,58823.89617604497,617,74,3.566394126193797,0.5303202674901786,Female,14409,12280.704151464468,0
f701e813-b5a7-412e-b3ae-455c5f67ef10,61035.870353496175,669,48,6.541304202812459,0.19990384989684268,Female,81319,28710.280262442142,0
61cd0b6d-3948-4346-8637-e17e09ec59e9,122312.6738683748,639,66,0.0,0.3155659255200654,Female,36751,1000.0,0
4f30ff10-9020-4af0-b483-2b37f24b85e3,54594.795398081376,612,75,6.421622247596157,0.49229883796414564,Female,48174,41288.475743159375,1
839f7397-b16c-4bca-8120-d5c095ec3b8c,67189.45722950711,629,46,6.089159397561076,0.39496424020580656,Female,66572,8082.926938941691,0
7a4977b5-8497-48f2-8ea5-4c382bf224c4,68958.6469088427,842,43,2.4507073111785838,0.3762848816037479,Male,71416,18770.177165345325,0
39795afb-5571-4ab8-83c1-a4b0ff7b19ce,34939.65887141404,645,35,0.0,0.5445872955495095,Male,22041,36272.79510529244,1
1549b38d-4b20-46d2-89e7-b8610cf481dd,104284.68443545062,666,49,3.9359586925919765,0.14393175515791076,Male,33227,21933.08472540827,0
0ad81133-8b99-4ba9-a5ad-756668e662d1,92557.99098060322,734,39,4.813130701006935,0.27236429408317453,Male,45201,22546.783793535604,0
c96f9d86-6d9f-41f6-98c6-9b9276153201,79671.3146495977,688,55,3.163855048347525,0.03688716559959687,Female,46069,9818.838359053436,0
b957fdd1-2ece-4c57-812a-80aee4b49261,42718.37635615783,744,34,0.0,0.1357340922096598,Male,92190,56434.72326205675,0
f2a3b891-6f88-4222-af91-e95835109ee7,95271.25492887052,651,40,12.97367003658458,0.4611278088268457,Female,36370,32972.23573309885,0
a8dbf34f-bcd1-464c-85f3-6bc216d847bd,23752.797898796838,508,41,1.805692360278135,0.16239761007118148,Female,21586,8758.225775962499,1
09d3e481-2cbd-42e5-a191-19049d5a853c,87605.7128140081,780,67,3.8889766853854955,0.4103286381187646,Male,60231,27672.73669086777,0
48b4d276-d964-483f-8cf6-2a02c77fc2ac,115356.61845815445,508,25,0.0,0.548772756295212,Female,15322,7697.980080230351,0
5a8d1c11-850b-466a-afee-8cd859fb233b,40283.91024607935,674,58,12.974276743491036,0.27330927375120917,Male,75294,50836.21440984174,0
e0f5e12e-d756-4e1a-8cf4-90b06eec0afb,45059.40789512932,539,23,2.6672503413297193,0.37797951596997187,Female,89468,27994.569410628188,0
7a72757a-9b55-4b9f-bea6-79a307681400,72989.54095262924,644,22,5.492314085371012,0.41149681943143795,Male,39299,10366.802081394,0
74a3bd51-0796-4124-9846-4767f0fc46f0,46661.37082003692,626,61,10.603687224083256,0.11677574054001519,Female,80793,35463.86103435875,0
014e9a4d-01a7-4558-8a2a-8c4c18cc6586,23480.097068016017,675,74,1.61847897641687,0.20753214820484295,Other,56501,20828.8649192753,0
15555c87-231d-4a14-a4c5-c09d2154027c,72056.88924418081,683,46,9.81622493693272,0.14945081824922965,Male,67134,5676.570167162787,0
cce3d359-97dc-4ae6-94a3-42fce992a6e5,38130.888588216854,779,45,0.0,0.2194915334875457,Male,19777,30715.695008503146,0
e2585ae2-7e56-416a-8a76-bafb42882876,71576.60698119714,636,28,7.754933287856566,0.4074166047121649,Female,21249,30292.627512068408,0
aff647f9-818b-45df-8311-a5784b3042ed,42417.272972985906,630,74,12.861210832598264,0.21072049035865625,Male,31390,42066.00448851097,0
0114f05c-cc2e-491e-976c-455c9a1ef6c0,99023.32732794725,677,18,2.0979157639098513,0.29472701596022743,Female,30369,25967.553353766965,0
6ebde9c2-6e7b-4b8a-a3dd-72d38fd49d25,39527.041045425955,695,60,10.594408101491995,0.14363075746031467,Female,22881,26605.904304378262,0
77596bd8-2f67-4417-be88-a030e7f6a1ad,60338.15451382974,551,36,14.169613260968918,0.4839633246800553,Male,19587,27401.995548177758,1
3af42457-fb9a-4451-89d6-caf17e9cd175,80244.68904292658,647,26,3.725790809729904,0.21823350146649945,Female,84327,48929.244917605436,0
5b0f918b-0721-4831-b409-e52205f43c61,28112.95993093414,656,44,3.3123585707506953,0.5284470827864931,Female,97911,20348.897150888937,0
5e2ebc1c-f206-4202-8838-f3ddc6114bee,65300.228332405306,576,51,0.5085312708384802,0.309139364077404,Female,98147,32041.82453208597,0
3499e789-92fd-47b9-98e2-8e7d8adf5c9d,92832.14023420191,710,61,2.4513492240743324,0.08895006330553809,Female,17833,34251.18178023418,0
dac3d4c9-334e-42b3-bf01-d1819bea636d,21775.502963163177,637,21,0.923200548636899,0.27434598801815635,Male,57013,30246.647788461396,0
9f1d98fe-8dce-4975-b8c6-5644ef5728a4,75539.01575596913,660,53,0.5044445078638642,0.14058347588007533,Male,73620,19781.430909106442,0
4112868e-d6cd-4e6b-9613-eb9e4d2ea6bc,77796.4838274527,636,35,10.994176483556782,0.38840240660672287,Other,25754,26809.06010961255,0
b7994fbd-ac2c-47da-b815-24e080ad1be8,79436.48323032142,601,32,1.0503698735587017,0.26079558265097,Female,88113,23595.133578507237,1
2beedaca-f4da-4911-9ee4-3d9c8ccef65b,32891.47867365754,562,68,6.292609573598115,0.3244815382541031,Male,96784,54388.15540167705,0
19256fc8-e462-4d49-9d1e-be8f62b3757c,25828.356366350952,484,30,5.191167176081189,0.24459703349301556,Female,45282,18133.543218530413,1
ccfdf90a-2e8c-4930-b74c-def68dceabf0,85658.24696850692,777,36,12.490472812855613,0.21669865442050118,Male,46737,11311.322106216576,0
22108cd7-5bd7-4193-b029-c022b6915503,78909.54019699559,582,66,2.484218839724932,0.15395669855765592,Male,34124,24906.974628503864,0
a4fa0036-2038-46dd-84ac-3495177f7d29,65887.56768381986,520,23,6.905740233271611,0.4254334405232294,Female,80102,23849.527038569908,1
1d6ab9d5-e806-4041-911a-1d4fa2cb03ac,80393.44628490927,477,65,8.955348511380546,0.2740270347300453,Male,12196,27952.652802529446,0
d5f9d618-dd0c-4099-bc8b-a44d3824e97d,42159.36959974849,548,73,12.448748036602908,0.2527963659452424,Female,71527,18138.300966980023,0
0bafaa5b-2c15-4167-9557-d6785c7bf43b,76967.6109148301,544,29,2.411233274773666,0.27026791523367594,Male,95395,26655.60219899315,0
411523d2-522a-40a2-85cf-e6183ecc5ba7,66973.34806911637,731,68,1.9105376563380982,0.1981707309771338,Female,21345,26944.10558456817,0
8cdb2771-836c-4d7f-8c9c-a72473b5a300,48569.45745920896,730,54,0.0,0.2532972859835962,Male,44077,38589.845340400076,0
a9772239-1675-404c-85e1-c5374ff67d9e,107077.25003419128,544,34,16.181498104241204,0.33084447220402313,Female,76400,26395.095755637278,1
761bf12b-be08-4126-ab88-b4323fadba31,71582.73948325058,780,75,11.92236219090194,0.14487945014148523,Female,22055,26537.12545947383,0
c1ee7b4b-f1d8-4387-8602-d2fa975c6438,34260.89508392054,728,40,4.7889930284397835,0.16659720103811884,Male,95283,32745.195695627757,0
f6dd5296-d32b-4df2-984d-1ea1317f71b9,76242.11702016265,574,43,14.657195755635282,0.506742614043401,Female,54484,38014.82594772276,0
adeec824-3c9d-40f2-aaab-8ca8179c8da8,40759.54989318036,450,46,4.490683028171714,0.24558652008006657,Male,87514,10244.863185601316,1
adb8b7c6-e271-4728-b360-1154224eaa5a,93612.53811227356,833,50,8.622052357167647,0.21726587866139851,Male,45771,6215.191601997678,0
c6e058f6-b36f-4dfb-918a-5ab2caad5d39,89044.1872646888,488,77,5.050859508613603,0.09841925916610869,Female,67654,50432.19444075717,1
aba8f42e-f0f9-4358-9cb2-eb07312160d7,45379.530449448685,518,44,6.989027258752356,0.4276016456211359,Male,56540,35561.13156892237,1
8c4946cd-2ed5-4bf7-a173-e445a25d3f3c,84066.0912957302,681,42,6.458807212667734,0.1416111279733735,Female,93151,21709.20045505896,0
e7d8f017-07df-4096-9907-4856214b8d00,70025.9136368807,795,73,2.8750731331167523,0.29770610085578125,Female,39377,25295.529049496967,0
672ff37b-0ef7-4cd2-9b8a-a06fa7f72801,80462.5340798595,710,72,10.462492690426764,0.04377223960251142,Female,59573,19111.574600052598,0
1e93b60e-8226-4038-b515-54aa6c0f90f0,126903.78947961843,695,27,8.579762088419505,0.42272592005461745,Male,52733,28169.21086662328,0
07cc3681-33b9-4b2c-92ef-02d26f8ff20f,62638.35651991388,697,64,10.138472967507393,0.4765284365427871,Male,21760,10422.44215892968,0
8128460b-f249-41c4-9dc8-40289c0eb757,47387.91506927532,718,40,6.60113592749673,0.37267805182170227,Male,35762,37602.50477634889,0
1712fb7d-4613-4586-a831-285fdc75f507,36817.38204454915,660,38,0.4671505911143292,0.0698279802892055,Female,60986,27631.800979427524,0
afe9ae98-cffe-4260-b6aa-5c4ef852ae34,38696.837733381326,622,38,13.546930332788511,0.4258143215863846,Female,44332,28174.40644050027,0
f36211c3-56f1-4177-8680-65e8a3073d73,57533.90640994034,608,60,3.687218832162871,0.1758976500539471,Female,50100,11590.86425982217,1
dfa22126-d37f-462c-aa59-602ad2e66764,80234.55924449931,644,30,6.820335142842073,0.12435421819175815,Male,14944,32864.006451589536,0
d609a469-29c4-4a5c-8e69-2b2ccdd996aa,78300.72397990058,589,54,8.176906794111344,0.242480843136352,Male,58825,11935.425352809385,0
2dd1ee52-2ed2-442b-97c3-1ccbca7fa60b,94815.49747108071,627,50,6.787108581088094,0.2394948489980266,Male,23877,14617.737101368211,0
89f5d55c-9486-438f-afab-7da8009a1057,70390.05675633722,514,41,9.577085106151372,0.22424270232295657,Male,39990,26314.32885162627,0
6dfc89a8-0427-4d06-a7ac-9b478ab23428,113606.0223147195,642,61,10.366889611582492,0.4910511371857041,Male,65283,62609.978494234776,0
ac09574d-5f8c-438a-ab96-b65714bdf896,62060.29500286132,570,28,3.87583248476376,0.6017738994663939,Male,13258,27571.99200032214,0
c06d65ce-d9d1-4291-bec0-610fffe9cad5,151605.07499768859,561,34,13.127336709778236,0.0946295193975803,Male,41629,1000.0,0
225bc7be-056b-44cb-9d09-7235cbdf1161,88770.02043295019,664,21,3.665482229193674,0.19667514085131144,Male,47579,15362.479249588743,0
20b025b5-82dc-4fba-85e0-f17e8a163c68,44285.273307511525,761,64,6.683745244403942,0.3214122504067435,Male,32958,35255.93668330861,0
847cecc9-468d-4ca9-8a72-167d0549c0b3,37873.22505816663,723,42,3.061609081978842,0.24169252635941588,Male,49465,8073.08582523814,0
9607a81c-d552-4a29-acfc-1dc8fcd72dfe,84474.17245729556,524,47,1.632632386746049,0.35990981239177744,Male,95853,37466.5366171849,0
202c82a9-1968-48a5-b19e-23c5e713efca,63296.116440224476,570,26,10.220955443954326,0.43739780339186923,Male,25775,27382.308621475444,1
1dfee20e-9cb1-48c8-aeb5-5bcbaf2cae16,77707.01259934834,675,38,20.609484487130224,0.4124048913405062,Female,86575,39869.907888861635,0
ed2ce815-174b-4147-beb1-234b580b9c3a,84197.12873720634,571,37,3.191200558398415,0.3914600351774748,Male,44207,16617.18836123504,0
161b80db-1d7d-46f0-bd83-be5d624ae974,67815.13262029382,632,36,11.076607873390394,0.5488643281379584,Male,32553,15448.241276009261,0
55f4c9ea-3cf7-4e84-adf9-5b6ab7df1008,44596.18845794785,694,36,3.3704434364990288,0.061657907562583575,Male,63632,33474.77737426767,0
65f8841e-26a0-49a4-bd2b-ae7b4370c3a3,24554.583259424064,572,29,4.947575115719978,0.5220163187931923,Male,10055,24887.074375417607,1
7a4baacd-32a5-43e0-8a40-a861139c28ed,56604.55143798937,658,54,13.78791886115836,0.23805125488653844,Male,98697,23979.657823205886,0
e3e454a9-5b16-4a54-b174-ca2f7e5b9ecb,95691.96382970417,543,59,0.0,0.417768783101344,Male,42873,48534.548034235944,1
05959737-3a7a-4113-93a0-09646c1f33f8,64959.3904753202,551,34,0.0,0.14555006575808346,Female,90720,34062.11390592677,0
c6f1c659-9523-4d30-8e0c-fddceb6c6b1a,32627.836638640358,675,54,4.564006756184254,0.16372554121600835,Male,76205,1000.0,0
9985e591-81b7-4a1d-89ea-8e648beea7b4,75195.42777553546,522,71,8.318280139688373,0.39931759372230413,Male,88199,36986.021837745815,1
22f4459f-7151-41a0-9e2c-28708e80f716,69325.59318308534,635,65,7.318332858404409,0.010690496587523135,Female,35318,35484.53200622683,0
236d79bb-1ec9-4d91-b661-92208715e923,43484.27691396601,648,56,6.803395878464981,0.44841631174324686,Male,43734,42773.669308351484,0
c17d4d24-3975-4c1c-a995-4ba3b849a7c2,74611.75317836583,694,45,5.170659907557889,0.4889945253512382,Male,92227,10904.523706397365,0
1ff1aae5-3f04-4acf-967a-3531a7a31982,60984.322320372994,617,58,8.932700134919596,0.326667728074344,Female,28522,29872.087378151842,0
972c7dab-9b43-474e-925f-a9af5e7e4052,30354.25740531911,709,52,0.0,0.32126415533678354,Female,21656,26674.45031864772,0
8078f2dd-c013-4678-afd1-8c727ead6bd7,80733.6208104485,660,64,1.2459734745612963,0.17495457826373217,Male,25893,10635.5222878037,0
32ece57d-e5a2-4dbc-9782-a9367f17d77a,73800.00542238998,565,65,4.53193795358276,0.40116741036055026,Female,26493,39201.49851859871,0
970677b6-1c67-4367-8736-2d060ce3fae9,102491.53729525831,659,35,8.522673995512548,0.3521497869611139,Male,13632,21376.810010359262,0
6fb6ec1f-2659-4820-9bed-92718487965e,101614.06156104708,693,31,12.448825700342832,0.16177419059642656,Male,98648,42290.98586878502,0
263e44d1-323c-4e7e-b51c-1dd6be0d9688,24369.431117094176,603,52,0.5745014591642992,0.2412780074867712,Female,71779,13857.11822398786,1
9c692f4b-0250-41c1-8df4-34ac2e9c1a5d,41865.24880254632,653,61,12.285393127682838,0.2760996862956295,Male,48452,3091.217938009071,0
9d563da5-fd62-4000-a94e-348217e62e32,85451.05801625979,593,58,2.7371916539931855,0.24107967052212192,Male,23266,21361.50726953283,0
b0d06723-2955-43db-a717-5b57af6dbfce,72601.54174826133,546,77,4.3504510850965685,0.09556328799750377,Female,71607,28478.69773843671,0
6cbdd07e-9c6e-4ebc-99ba-60898719c5db,72633.71600080421,487,24,7.907162593988067,0.4048530462875843,Female,26940,16987.06109171632,1
d8e88d14-65b5-400e-8c11-8b8789c26d94,185581.94471964164,789,58,3.9838196034661353,0.2634734316147158,Male,34003,1000.0,0
fe697ce7-4841-4241-87f8-a8ba0c8a5d7c,74057.70802267577,500,30,10.55058803333159,0.3023047163839964,Female,44815,30754.73717378155,0
1598343b-81a4-4a77-ba3e-1aa0e20ed847,104066.96920541796,594,35,2.9769792744342816,0.21326001189038601,Male,40869,30684.710357830387,0
96478356-f82d-4771-835d-2dd1416e3c4f,83827.04496907665,542,54,3.0523250435983305,0.37129072109579847,Female,59297,35307.509178114495,0
c4fce02c-763d-4016-b19d-cc599cbd9c05,89541.73753917395,721,30,10.25989977104666,0.32980442765721046,Male,70107,19292.61346673834,0
50640728-27ec-49f0-950d-b1214dad7c7d,60541.92266078963,626,53,1.184378058661709,0.48191765836956274,Male,92793,18474.224014271393,0
17a44982-1a47-4cbf-a2fb-59a740dc1e87,92769.07661479802,749,48,6.2446454765833,0.37208980694084764,Male,26682,46604.826592022364,0
f13ec28b-01cb-4ecf-a131-c3da4bf38a78,46815.24356387285,596,19,0.0,0.26959733972443334,Male,29622,1368.9297126742567,0
fc64e705-0cad-473e-8755-b9a1ef3aeecb,62895.44179779974,672,33,14.098196760305951,0.18904247737461594,Male,40408,21293.233094985397,0
622fa754-7656-452e-b687-73a99d14c66a,47123.22953035786,533,26,11.032759681183874,0.42989290258749674,Female,18837,27134.527691977084,1
baf8f7c9-033f-45c7-89b7-359ac01ec30c,61587.79055435122,771,26,18.750535997903775,0.2576135851820313,Female,74210,34090.32745021361,0
d8e27664-f4b4-4cd6-93a6-fa931c3bf640,139439.75700020528,554,55,11.691818657231927,0.27424236501056687,Male,25407,27546.50773606478,0
cc585629-6651-48d1-926a-797b753502b9,20000.0,674,28,0.0,0.2742042590560988,Male,39309,11170.110423076614,0
8383d9f7-f3ca-4104-8adb-a0e76035e2c7,90587.8057112354,700,71,8.34324930080296,0.23975884340143058,Male,81918,42514.20922031281,0
1eec86b5-16b3-4a22-be07-dda01c09ed02,18375.745284663884,633,73,0.40995618889097774,0.27681915086551956,Female,28895,25028.611184153615,0
662b1942-7675-47a5-ba8c-246c441519c4,47465.73742236944,585,39,12.890187535265493,0.5889311344098866,Female,96912,1000.0,0
e7174feb-e00b-4475-a6a4-d161d8bb82ec,102668.51790902099,639,50,0.0,0.14282669188084618,Other,10370,28137.649761600915,0
5301653c-511e-4428-b8b1-6ddb12cfa6ec,61139.1404869343,603,53,0.0,0.1778243683857585,Female,10486,32129.15306832196,0
7b655100-f21e-4d55-be57-23607acb9e51,37667.65666212082,638,62,0.0,0.5076486627231375,Male,33762,54411.15930097172,1
29338039-6ce1-4fdc-9afd-1550e98603d9,48540.88872220095,727,40,2.5581008936849927,0.24377934232573922,Male,36613,31131.27023305438,0
c21460a3-88a9-4579-b383-55f2e9c8bfea,76829.74259783424,776,62,1.5526108760821433,0.23240680738876573,Female,13196,2769.6164197731705,0
88fcd4a2-177b-4b64-9ae5-af06a467abbc,40875.650891213016,555,62,0.0,0.4552295785160151,Female,86349,3296.4806378746507,1
be38186c-cf11-44b6-9440-5cc2ea0e9e8a,76493.75768745925,540,51,14.94904552121762,0.08697065740773732,Male,74839,43880.64187297401,0
6d6406b0-f0ec-4121-a8d3-b49fc6bd4679,71367.1551971144,642,26,7.649403481933224,0.42321816438801085,Male,51916,12957.95479976291,0
b2b261d1-a54a-404e-95af-5df496922d12,42884.19113605166,800,41,7.061172699283558,0.30684246439823154,Female,18572,1756.2840378226028,0
11dc5dde-8f7b-4ebf-b3a5-585d572227a3,134318.32267975976,585,25,12.945822096239633,0.36972031962479657,Male,38225,40007.663016376486,0
dff3665d-8bac-43aa-8138-773115dc5ba0,89017.57066954034,781,24,6.281288960214672,0.36690464328781885,Male,55853,17863.96281677994,0
9a08b3a4-9f6c-4374-8d74-a3ebf875aa5e,17000.0,734,53,1.2565989924743022,0.2058026120276043,Female,59390,39205.209462394116,0
de11284a-ea23-4b3c-a349-faedc72d281b,75593.62944308283,605,35,0.0,0.45767756702248596,Male,42275,11279.207420058829,0
7788d601-d620-4e38-9d76-803d57fb2277,50146.406056948355,695,20,0.9747130382829816,0.2174793432782896,Male,82379,47107.185004988205,0
3b61b5ca-921f-4ed9-a963-d35cf9c850dc,81237.0500373037,730,45,12.527078002542313,0.3613273528498112,Female,11105,38080.95560399914,0
d425235d-444b-4baa-a89f-91679cf92082,39290.721169966135,569,23,0.0,0.4856586728293704,Female,69896,14159.719500979796,0
8affe61d-d021-403e-80f3-a385a9e49361,66557.90675599303,633,61,6.765636189989383,0.5068352549769704,Other,53209,1000.0,0
4db8c56f-944d-461f-a4bb-5ef2f845b5a5,85149.61836941371,603,61,10.169625715427788,0.2599310496088961,Male,52487,59577.45788131212,0
c57bf3a1-b8fa-4e09-a00a-9dcb15d6fcdd,95972.65582510365,568,38,6.426724202216258,0.3694702911361516,Male,28051,21846.884470102807,1
4dea14e9-3683-4098-8451-6ccd08b6ba3b,28892.441620077705,548,45,6.994916643952917,0.24607668146945705,Female,87400,13559.025293864242,0
4cfe4e0d-dc33-4c67-a745-a7447fe2f19d,50970.21848605582,502,57,8.278019564367131,0.675569434090316,Female,76961,45794.62403244249,1
15f0f3cc-9536-4a6a-a374-e7429d2bfe2c,55751.64066517132,652,71,6.896404359113247,0.41701890088107274,Male,70156,39186.397801186606,0
00c16183-3529-41a1-94cf-b6334b899fb9,42840.10456937034,538,71,13.04537086236641,0.31260876537554033,Female,67175,42741.9481496887,1
3c585cf3-9d58-49df-9613-3e994a62b013,122963.62720843291,668,18,0.0,0.34688432601866137,Male,16849,23522.37583723403,0
bdaf9974-cea2-4a32-8e42-2d1b18697d95,82149.45132882867,525,53,6.2021243841939295,0.3610658123169101,Male,28976,53215.82035485437,0
90d1da51-0ab3-4d14-aed5-7d5e149f7699,32173.481369948648,676,38,0.0,0.3655115311175223,Male,66866,5340.727291729574,0
dea5e11a-cebe-4677-a069-f62e099c0a35,97535.85841164328,716,77,0.0,0.2640002673530164,Male,57078,16719.25717663718,0
cd1dfd18-d9cf-4a9c-8c08-90abe5915773,133664.685910379,490,60,4.591644845740081,0.24085090511472376,Male,41113,30848.181335723253,0
06133a0a-bc11-466b-83f0-fb210a98f9d1,85827.86414405426,629,52,7.716897844723784,0.277221995741026,Female,25401,42521.6701635567,0
6b517e33-625b-438a-a117-9b79e9e48799,20756.06586817266,698,30,13.153338886187823,0.12904624424291886,Female,22884,34917.38530787244,0
805c3f75-ce0c-4fd7-9128-9bea78fd4fda,47152.03114191059,503,74,17.098958665052315,0.407741161046169,Female,94360,23757.013962298133,0
35ae2369-c865-4003-8167-9c6be5816bdc,108007.33447559868,783,66,11.599303353327404,0.1797442436026541,Male,47563,17872.78199140781,0
c44935de-c9f7-4cd5-9294-e1bf402ef26a,48769.91603143657,683,71,8.635828721990142,0.1410074881522925,Male,44414,42602.66287539032,0
991bc616-90ee-44b7-9fb5-82744465a8ce,83314.58284438685,593,71,5.799824278869077,0.29784683001537765,Male,26142,36465.940199155455,0
68afef4e-f66d-4107-a251-11e630ecaba6,93239.02160288011,645,27,0.0,0.28048160554651697,Male,81492,11882.143109634037,0
b8b90089-d74f-416b-8407-a9efd2a7b089,35863.27297475888,644,70,4.269816971291008,0.3374451713683483,Female,89464,11435.959029054593,0
d12bc61c-bc01-45d8-ba0d-0e14cb8302da,57982.10342042409,606,61,11.451883756291128,0.21476919459053856,Female,85257,16817.67768340727,0
687e172d-8255-40be-af70-0bad8fc08b66,17000.0,643,64,9.491409280140203,0.24111861626535397,Female,86693,14893.572015709378,0
134fe6a3-b74f-4a31-a6d7-0be07f939e98,39268.37075997131,576,70,0.0,0.4038179257632736,Male,45135,40447.613688197016,0
a0daa0d7-0504-486c-9b91-ff8cb72747d8,62422.95545820519,663,27,8.070128236292401,0.39468258007427903,Male,82232,31535.984833270264,0
eb125dbb-dff9-4c3c-8ba2-226cdf0d61be,27681.528859896334,486,63,7.641964059338601,0.3884287569265017,Female,37862,33366.80860604647,1
867de38d-b9c6-4684-bcca-949cc0d5cb91,118972.33911794906,641,30,6.749450600573687,0.30509514185272235,Male,15190,27875.04455195164,0
248a5c7f-55e7-445b-b1e4-dff3aba7a005,23031.394862003865,527,54,4.860722223113328,0.3253383934998412,Female,80199,28581.560730060315,0
d96a1a0d-1b59-43cf-804b-74c2f371c28d,56798.66539909049,591,55,8.327919834720966,0.3345658331565755,Other,14331,1272.7387698953316,1
a8fb1551-9bee-4b65-812a-3559b880e0f5,73922.21731858274,748,41,8.486565194561992,0.20159373902865352,Male,62186,36912.75486527153,0
29e60c2c-7310-42e6-8309-dab247b50958,96252.46887118595,687,19,1.7927061728429732,0.5211069900219152,Female,54648,16547.77779112836,0
7f23deea-bcaa-4d16-a74e-05781ecc271f,22885.515144924295,648,39,7.275070306910477,0.4997382048731549,Female,38549,24502.670004250107,1
a7778fc7-0d27-4482-9e17-ae20f85cc42a,104894.91256464878,562,34,4.0530242962639305,0.41913683865014506,Male,91782,17902.406167969988,1
1ae7f13c-be94-464a-b585-e73f56ef2781,59760.943055999465,574,53,0.0,0.23612076203976035,Female,35761,27188.073477275135,0
5c28f4fb-eb59-40d7-920c-c055cbaa34b9,40554.740468561475,747,31,2.191964824809181,0.38087161769252253,Male,13262,33596.408908659934,0
329b767d-1656-492b-b445-a56201a5526f,83863.10422789812,661,27,0.0,0.44675549066546577,Male,61259,9867.174512150066,1
8a3ec0a5-17bc-4a63-a28e-15e903c36f97,64576.02223712349,785,52,9.900467675350523,0.1165204647418285,Female,82572,28791.238363660035,0
1da2e440-693e-4e1a-a7d3-9f6c94893b3c,44194.46963245073,631,42,6.779446887771596,0.5541767642547746,Female,63472,18264.96131869215,0
8e71122f-3025-4e13-b48b-a22e57d8aee3,72094.06254970057,665,20,3.2225469439702743,0.03909185832663076,Male,97858,44821.881638140054,0
8200320a-b35b-46f8-88f1-9124e8032911,58440.59209414719,625,64,12.10260671644324,0.4056908729563613,Male,94667,8280.618955305581,0
b111fcf1-33b0-4019-b65c-d03145a0105d,62394.69230390683,610,55,5.339954537905833,0.5179923459378704,Female,14677,9962.255956539191,0
f29ba3f0-f248-4972-a935-400dcb3acadf,76384.33220028669,587,34,0.0,0.28304048039594537,Female,83508,19606.446729447845,0
a2c2fd53-5aa4-4d98-ab85-e206dd174668,99943.42881170649,656,29,2.802607299080945,0.277430340026539,Female,90865,11115.34427479242,0
3a4d8ab3-cf56-4a1b-bddc-a551f5eb0895,32865.53503519453,726,71,13.16427093636646,0.40014911889703847,Male,60617,21634.284805196316,1
80be5050-96f0-4319-af74-7a5eb5698484,113892.35105373479,537,69,1.652621874554283,0.5777822837900808,Female,96029,17081.717408264303,0
6c13bbe6-40f5-4d80-b0de-60cc2ced02b0,20000.0,543,41,6.376106443789151,0.2578398543087951,Male,28595,26326.185665527188,0
85ec47f2-8567-4ee4-96a8-46bf6d0445fa,55629.48007659263,453,46,8.719383122573191,0.18285672122010826,Female,97459,40121.08041736231,0
df9ea4c9-5aa7-4231-b19a-fab112e173c4,87649.5161945373,690,60,7.9497424227747135,0.23643368165880113,Male,70148,26069.194085264116,0
499ab284-a34a-47b0-8788-c694367b1773,66665.29262724333,511,42,17.2472989947905,0.06712290115706696,Female,56926,27435.31841224716,0
73b751ee-52b8-4074-9bc1-f1b1049bfc50,51319.014405382186,477,53,0.0,0.43466368480727335,Male,85271,9140.160957818502,1
482d993a-cb5d-42b7-93b7-41014382a046,63756.33248928175,681,75,0.0,0.22288754209292105,Male,44457,22989.106692773054,0
874deb1c-93a3-4960-add4-2d935126eece,55209.971960235016,849,77,0.0,0.26874912689016667,Male,52531,18673.68292585904,0
1526fa04-2c6f-4802-b660-999abf2628ee,52319.05729167366,649,43,3.520407894915576,0.4364431697128509,Male,83263,35224.614454607276,0
09d45e35-c312-4ca2-993f-b096a8e6aa08,81164.85347403614,667,55,10.496886940912256,0.24346345133852265,Female,83300,13531.495251959539,0
979f7ec1-d72d-4606-8ccb-a0075d94b0f5,68603.8948921087,606,18,0.0,0.4138635593082595,Female,73171,12090.166112331499,0
f6a1fb7d-57f0-4ad1-b7d9-af409de91956,41830.80532085332,592,37,10.566802529719693,0.14428672442755697,Female,55771,29761.43795721023,0
9027e490-e71f-441b-b64f-9613affd8b4e,96987.99626299752,723,72,5.175633349638685,0.44380791424859967,Male,76354,54701.54581559409,0
a586df12-63d0-45bc-a17b-7f9bdfbb369d,67336.13778235353,576,45,0.0,0.3512857531898205,Female,47289,22360.77064038005,0
1e93561e-0f93-4962-89b6-25335b505177,80227.98403039349,621,33,0.0,0.2867131453770497,Female,43892,27523.126093457482,0
4429a8f5-8143-459c-8fb9-2430bb62f687,88888.86525770837,675,64,0.0,0.31963402319156936,Male,81196,39220.32772532178,0
ac0292d9-a018-45df-acc6-0bb3159942fa,45130.14967233784,596,34,1.6707329588303792,0.10698580580208952,Male,48409,32648.558479229083,0
4d4e3ba8-40e8-4e42-8b32-101df158ffd5,45215.38347497727,679,57,4.154244121283397,0.3162001115920455,Female,44470,32747.192205732958,0
1362c229-139d-40bf-9ae0-649cb2c2c472,78555.98693064318,586,45,11.730314883652255,0.2787495321965094,Female,28385,23572.113221229924,0
a973deca-024e-4531-adca-6c96fd4e804f,75064.44176855336,539,75,8.995441060941195,0.11108510843436548,Female,33296,23863.97225832609,0
8ff03955-2604-499b-883f-62af9c0c7295,69372.95218107555,692,29,0.8052937395984889,0.1993386859640184,Male,71716,13672.771934102067,0
48568bc3-5241-43eb-9c9a-fd9251d1d69b,62491.84827437394,528,44,7.043326416860841,0.28061321130712225,Female,99152,32295.59881452074,1
d73e4f57-4956-4084-8faf-6a8b66305ad2,108329.94687365275,652,71,13.2577313459612,0.20890617225782376,Male,36382,31953.31644997964,0
3b40a995-3588-43b2-9e7a-209f80bd0324,44414.92958468633,599,70,14.369587105150178,0.0,Female,86675,35757.46791540704,0
69ebbf70-79cf-4b34-acb4-9c8def537339,73450.98321983597,686,59,3.427969942232018,0.4614581309413299,Female,32419,17678.43294169982,0
93d710a8-7ec1-4c75-b064-95d49f6630e8,63934.22042698318,687,76,9.791442148525007,0.27868651873655015,Male,91238,37452.01599067909,0
01c83dfb-020e-487e-8eae-036a0983e7c9,53949.12931770588,597,64,11.949776834439119,0.0,Female,49291,42000.02182221905,0
d482ca61-6775-4ca7-8c5e-1649dfe08412,102963.3055596157,715,47,0.0,0.6202444409519092,Male,22397,6790.628225856093,0
89ddc73b-77fe-4ea1-8cd7-dd66f8b1ef36,94762.49046964089,761,58,2.4379645642015157,0.4862088496969783,Other,67888,20546.91130963891,0
0a64de25-c26e-4f9f-b53f-ae5578d8f8f9,94405.28908001915,694,51,16.100093672116316,0.2476526923397497,Male,45169,42625.35372941257,0
fca0eb57-48b2-41c5-ba49-4efeb31e547e,109164.36421462987,650,54,3.4948194493954805,0.17362537629499483,Male,72182,15256.664502206717,0
9642b45a-c092-413a-93fa-414a06e9f277,70630.11524898277,545,23,0.0,0.36047868161407826,Male,52249,32931.4379077501,0
f716b9dc-a83c-4c5e-8972-b5fcf5b2f79c,90458.58913884891,564,24,4.395190948066388,0.3303490222326212,Male,38341,25128.64003003647,1
a8ce7949-34fe-4fed-be20-f6546fe35026,60691.99730219632,625,49,10.62312749557931,0.381313488720056,Male,85603,29963.18982135263,1
fe2cc04f-ddec-4f86-a989-f8b32635e52b,67766.24198845527,551,49,5.03255218400448,0.17405695901174276,Female,56144,25585.84454038317,0
0610f52d-d3c4-455b-8275-f198e8598bb1,56181.35211362404,585,70,8.57681973400317,0.4646658031457449,Female,71772,36192.56476846407,1
bf5d53f0-dd7f-4141-8dd7-e402b4923c7a,61973.39710731431,604,42,9.691109988278658,0.22898068152366757,Female,89360,9677.242962041828,0
6dba14f7-9e94-41fc-8c7b-af29437fbe52,87854.7107631074,692,50,3.2253127428385895,0.40211486229833504,Male,23444,11300.1513381657,0
0bbf5293-6ba1-4628-b51c-eeb7ae16881e,38635.372577546455,594,72,2.40303506792812,0.18045911093144637,Female,55647,46967.70325400285,0
00af5daa-f14e-4623-a088-2ba51a467b78,132771.6182705638,688,75,5.767204879771358,0.697221597863023,Male,20974,56505.449199779774,1
f4b30bc1-199f-4eab-88b9-9970342cba3e,33846.5567717576,605,24,5.888894614649405,0.40432850234478873,Female,48383,24918.708420604562,0
7ac892b6-1318-4bfe-af54-dac3330a918e,33574.34161636804,491,69,5.270384099234857,0.732634841486047,Male,91552,50728.99063227564,1
73348de4-1924-4a3f-b603-4ed204a0af43,89031.82727425171,524,74,5.4757826134123215,0.42414029644890694,Female,12956,13423.38029479716,1
514ece76-b7ac-4916-b666-dcfb74ba0e71,79687.39869605486,588,79,1.2572693268963104,0.2157803464696974,Female,18077,17026.211747710644,0
710e9b30-504c-43c9-9e8b-952ae47ee4d2,75415.05533482994,503,29,8.75143455040474,0.42440711903837935,Female,46490,46862.312676180576,1
7e4d52a4-7592-4349-b9cf-9da11a614836,88850.3652779284,697,33,7.996159735564832,0.43508667272898244,Male,65612,37061.59792935038,1
a367b1a1-890c-41fa-ad0d-125e69ee033d,69632.59681459256,772,33,0.0,0.35599862167466434,Male,46159,49096.40646898387,1
25035a74-a9c9-4535-b5f5-01ab0bd2cd4e,43082.368855425055,747,60,3.0541884145701643,0.39455887080480845,Male,49710,32028.336535885075,0
e14aa4aa-d877-47e4-8e66-28b74ef99e72,61433.01623394002,582,70,5.465399362697233,0.4142590694111513,Female,93536,9811.808852285874,0
513acb7f-40c5-4fbe-94e4-6213da86623b,42232.37635644115,719,53,2.328434988619128,0.15094784838513875,Female,23806,28353.66036254015,0
c694f58d-4aee-4483-a4c4-74830dc8d927,99253.59200253253,661,30,8.186859887938969,0.14027123929050714,Male,88345,43030.03807702016,0
18964d40-8b9c-4d2c-9fe6-5cd97e1d3968,55750.03677169546,573,24,4.665587307714311,0.18086745020783496,Female,90391,23008.971960307415,0
8c988f6c-3ec3-48b4-945a-29018d024d7c,38449.82148179096,550,53,5.845362647275935,0.3191313591555765,Female,16458,20703.49722241422,1
6847d917-ac82-4a6c-ac43-8630bafcacce,51304.661037848666,575,64,2.9964534625846335,0.266524324278987,Female,45524,32257.801044461838,0
10b14073-27bd-4167-9470-8172b478bbf6,82387.94362826872,618,68,0.0,0.1536644151115577,Male,16853,16607.406016822075,0
1ce2b334-cea2-418a-85e0-06bc9f8321a8,53088.26341588076,663,26,0.0,0.416297131577947,Male,50477,29432.50724670251,0
063d22fb-9822-4a5d-8595-c6adb203008f,45333.38813300706,662,49,7.948047733460137,0.3424567230204719,Male,42222,25952.52197007185,0
f7279c81-9407-48f4-9bfe-02ed1c776b10,65714.02389304376,600,28,6.334560382446971,0.3253393487056281,Female,28320,17643.783088773693,1
d6ec58af-b52b-4940-822d-c1ef6591d9e9,77348.99713326168,684,25,7.193311031755423,0.2613016042239097,Male,62243,39711.05847801121,0
5e665387-6fa9-41b5-8830-3185c2f12299,46572.94902803619,695,50,5.672364210314566,0.24326578464516405,Female,55615,34689.81908426161,0
5988a95f-67fb-4267-9eea-7027e4f4b293,47488.52320673277,675,40,6.072837016867572,0.17380032572865353,Female,27352,19694.941235700608,0
ed717b4d-12f8-46c5-8f9d-8bf4159be83d,65417.27340261972,481,42,9.84511686809394,0.44006104388060063,Female,82833,24775.581025898897,0
efeaa471-1696-4d71-bc2e-d12322553dda,22573.84929181823,395,73,7.223096862007061,0.194476067752022,Female,13203,20930.866002282448,1
d8e084a2-f334-4ec9-bb93-7717c4f77153,27776.086768703346,724,25,10.204546751530565,0.3314085700039225,Male,49267,15420.285411355711,1
3ea0450e-2095-4864-b19f-f1f5aa19f57f,48446.67336242692,540,62,5.857309206132986,0.5493015594408049,Male,47941,1000.0,0
e472311b-0bd3-42ad-9413-a243169ba570,54057.0976313479,582,39,3.498091297401145,0.2501613382965974,Female,92809,17742.583834658915,0
2fdae0bf-5362-4793-9ff1-8d4562c2d709,79327.22696794014,556,76,5.9710143107812295,0.44410532110787915,Male,35368,15639.587525265659,1
35ae62c2-b484-4177-b0f5-72d7092e6daf,114260.68650848656,505,21,0.8191105925635158,0.38530635240535094,Male,87186,26723.360617530383,1
b5211b2e-41e1-4318-91f5-9361c9bcb43b,95729.78869606058,693,57,3.1007653554404557,0.346720134489158,Male,40984,31610.482022923687,0
de506127-937e-4c47-84a0-45ce6aacadcd,65201.84410109719,710,20,5.887856543200185,0.3645522662857129,Male,51941,12967.229952956724,0
6b2f9ff5-f591-4edc-a083-6e7781ee94c8,69429.51376291933,603,46,5.821591659505058,0.28576401460936046,Male,82918,30602.46042590508,1
2c129b63-8ecc-401b-9a02-80d030b19dd8,33935.501201735875,392,58,4.467905599985057,0.30521639531901607,Female,62683,10656.313256999876,1
b6c70cc5-6b4d-4600-85b3-d330c0c9d91f,59027.91503219406,556,46,0.0,0.2177829077661413,Female,10801,23120.612265423173,0
990d1f85-088d-4f9d-a7dd-0c7491f9bc89,52139.204707536475,631,51,8.182047732103571,0.30621856817011334,Female,57965,15963.7134900875,0
9a9320ad-54bb-4369-b4a9-f38589ccb32e,79681.55681014269,531,51,9.171142032997746,0.21221610063247542,Male,95269,36192.60457118566,0
99a35123-1c82-4f42-984b-da31b1f183b1,45183.07169343031,664,45,13.218452476261193,0.4508482639614896,Male,19969,26751.59649991897,0
d5004790-3fa0-4509-8cec-a84377c25385,85580.39542723517,648,30,7.208879982943656,0.04507538569823338,Male,45969,23347.481112523314,0
93385282-2b4e-48f1-bef6-0c67c6d62f2d,98584.84228156572,646,32,5.007309170957415,0.37215799366882235,Female,92269,15621.253598276724,0
a1bb8ca7-419b-455d-a9f5-b800d031a14d,66737.19554629427,659,77,0.0,0.35048800521334195,Male,42449,20067.380374351913,1
07b78cc7-743f-4f66-861f-c7c765eb312b,69743.64891352301,522,40,12.460089346805278,0.33690239462640503,Female,35705,52435.91218489077,0
5718c498-eaaf-496e-a9a7-1eb9118bc821,77098.67178863336,695,61,6.239164884370117,0.45367484232982297,Female,70303,17483.73818916181,0
09f4bc74-2e47-472a-be43-9dc21b4c8871,57963.38584342491,637,43,5.9668658691272825,0.2570814614935579,Male,38363,32191.10376394725,1
07fb4818-9054-45cd-bde1-9aba65108aea,76722.7744543125,647,21,3.7297190091057395,0.33831507668580746,Male,40720,23310.305246684668,0
bb7d82d2-cb7a-475a-830e-7a0ed9ac392a,70377.77202345384,575,43,3.4101521678256894,0.04251871677203206,Other,19972,31762.379718610566,0
a280a04c-8871-4d8d-b0b6-39cabde6258b,72930.28295646496,614,57,8.441333670254235,0.23770246767971653,Other,43351,37554.638090398585,1
be7afec9-1b4b-4e7e-86f8-6ea06ca2e906,46809.706484336006,579,26,0.0,0.42836046467628364,Male,46145,19690.322600183852,0
04ab4109-cf46-4937-9271-24387e63edc3,70735.30522776829,636,72,13.1271592957939,0.09912573966952773,Male,97948,35646.601396676844,1
6a4b49ee-8504-41cc-ab0d-cef91f0e3759,84939.94873736349,786,22,12.03763228769186,0.32396150505761173,Other,99614,66349.5921550876,0
c6a64771-2052-4f54-9d8e-9f98a2f17258,113534.30823385125,540,73,3.2296922656645535,0.19837243921743042,Male,98116,33513.09991287557,0
37be10bc-2db7-49dd-be01-1409387b70c2,98778.1247825562,520,49,0.6806771706347874,0.28335195423423976,Male,66235,49203.72196899694,0
b2ec76ad-d191-407a-b16e-00a75699460b,134595.47372534667,767,37,0.0,0.2073483766857604,Male,24855,32215.69000159921,0
4311f74a-03a0-44b8-9fc2-496f378741ad,39932.63714635473,583,67,0.0,0.11292065935598541,Female,46169,11020.575667037407,0
7a8a5be0-9038-434c-8b0a-f5c7ca957a3c,96169.61910162034,596,28,8.649557464414372,0.3579004972439701,Male,56404,29135.409958794753,0
c9eeae8e-d508-4776-9fb4-f1e377947ef4,75500.26017215055,733,32,6.576709294503269,0.29256048569628806,Male,29569,20044.243056851035,0
e91b20d8-1053-4e24-acac-ea50735705b1,135694.08799653017,601,49,7.46826782653044,0.39189436795307986,Male,64437,16060.889540236396,0
9c693fa2-23c2-451e-b2be-c85099554cea,38888.39372344363,746,45,0.0,0.41916568619982914,Female,58506,23911.221843965715,0
6eaea0a7-08a9-4010-9e76-1144ada5136e,44808.34473457672,704,39,3.020921899486679,0.4837888105633522,Other,35738,22678.748819068718,0
29c81f20-35c5-4f98-98af-3b5409a9b545,44215.48754117744,560,58,11.836364031410412,0.3200230118163997,Female,16772,9101.126413107084,0
2d0f92e5-252b-4c7f-8a03-7c51f91fd2b8,17000.0,772,34,4.519862973403233,0.4902931536904812,Female,29731,65626.92377079689,0
8910d5ea-98eb-4365-a566-7af6ad55272f,46093.24694714059,551,76,0.0,0.15363382389135685,Female,20131,37118.06371708295,0
926237b2-a5d9-4123-a815-e6d609698a22,47226.020153389065,709,43,4.441988345785494,0.4363439743842197,Male,76324,28665.853687631723,0
a50d4aba-6bce-4a5b-9dfb-b78115c565a6,74511.81359428623,673,61,1.1449129081737515,0.368908562449178,Male,64097,26348.201668764592,0
f6ed1653-01cd-4932-9a80-48eee143ab37,68214.77738231757,704,24,6.668395299726986,0.33496389787721803,Female,91720,43035.22929432844,0
d46a0c62-c3ac-46d3-a2b4-69296677a36f,126285.12517647658,774,59,5.102726894438575,0.3667098351244676,Male,12889,56133.5554346424,0
20e84d36-ea09-4867-bdba-aef13b63b569,98512.7151455815,652,74,7.716483320411454,0.1558891682496807,Male,19569,35276.28058018861,0
4778a202-4400-41a0-b0a9-65ebf85fb638,44788.95678060872,539,43,0.0,0.1204879785112466,Female,97193,26817.890571764812,0
e29c253a-e8ec-4c0e-95cf-ffef98b116a0,43047.55985954926,686,42,2.756417156674506,0.5564742279115498,Male,85677,47089.66107966425,0
633b77c0-87e9-4fce-94fd-b09a396dc477,84757.57514519517,595,27,10.452171706995546,0.27469167327040944,Male,95192,27135.388644037914,0
fcb72ee6-5de0-4ca0-9025-045626f777d6,30393.00378938073,811,76,0.0,0.2725509867289949,Other,97154,31529.722144376523,0
0f632c8d-51be-4394-b208-79dec1f83e6a,106202.19852928602,610,62,0.0,0.13465357886380622,Female,87470,40015.16380047756,0
291d146b-af7c-4f03-ab16-332126a26df5,105383.20362163862,620,36,5.99648654996032,0.07773325417547444,Male,98822,19202.8129318861,0
9b84829f-6858-4158-8187-88ce60d1a448,55924.73043685885,664,28,6.4336491954189565,0.2867521681781577,Other,17612,1000.0,0
88fec914-62dd-419b-bf36-56094b85eb78,17000.0,492,30,2.5557507862861515,0.2487618117736908,Female,61644,18473.796620049718,1
a98cf6af-1af8-4512-83b5-a27bf3baefb0,94023.74554121803,522,70,3.60783558680575,0.30026015351136764,Female,42069,36595.01394069079,1
0412657f-6ef7-4c33-9390-d20a817e7e08,66563.80464242147,746,25,7.666127807778208,0.3130730910573262,Male,91741,35538.26346577268,0
8aeb0160-1c33-4b0d-bffa-d82c91063391,107134.48935920384,597,57,9.248175008799338,0.673419162189104,Male,37331,45140.05164118903,1
f219ec49-0cf4-4fde-8e33-5f83f6998fbd,18842.09470074364,516,21,0.0,0.24921300288915677,Female,65897,19047.534491957314,1
64f2c39d-7ecd-4f03-b8dd-9ce73a6623cf,44215.93691467879,642,64,6.82159760313975,0.536991016191517,Female,23934,48713.87864420145,1
6cfaeef4-6c46-4455-b636-eaa0c62b2bbc,59633.71434281367,694,48,12.560080000028611,0.5463036322567417,Female,20095,27776.017456779417,1
b9d275c8-529f-461b-8e99-2befcbb38704,71409.41781294227,707,45,4.420539693194336,0.41304364279079764,Male,28706,34066.1974384552,0
2880a07f-76a7-4703-97a2-e358b2048caa,56498.03585562269,729,28,0.0,0.26473105011763326,Male,53516,38554.191374414586,0
21db6e9b-b56c-47e8-bb4e-82ce0f6a606f,75382.67327486123,539,60,0.0,0.09577914958009062,Female,44629,4275.015596594541,0
9e669140-a20f-414a-a5ed-53d7d677d1ea,37971.387118522165,536,18,4.196312793440681,0.371691581600086,Male,56910,9926.542110596129,1
e76c35f2-b600-468e-8458-82dd27b3571b,55869.32313195702,720,66,10.179236524338092,0.4528218119551416,Female,98540,9428.642243991311,0
fc00023a-90d6-4deb-9626-fcfeb5493309,73608.86895135697,624,64,4.796220750766894,0.5621531196424476,Male,30431,41083.25777273229,1
f8c05602-f076-4252-a838-2107f1e95936,85433.16502176247,629,69,5.946159899529639,0.15750630686298273,Male,66733,20418.150823911576,0
db4ff65f-f560-4706-9741-b4d0cacdc7fb,77646.17939126669,706,55,0.018291589130980057,0.2634710416222099,Female,50088,55413.72959987077,0
ff138c42-ec11-406e-b9d3-4b4134e342d0,30821.626658134333,644,41,9.915588164882738,0.15842031143657295,Female,54135,25050.639623383886,0
6250678c-5b8e-43e8-9ff3-057a09a75a10,23976.57487793133,686,71,0.0,0.20497830113446164,Male,48015,2929.392278777479,0
a5ad4c7c-6b8c-438a-b826-b240dfbf26ec,108330.30465695527,823,77,2.4775175786418346,0.399658130135344,Male,41385,14913.737339422241,0
6c89f38f-77d1-4257-b44d-dd99bf89db6a,67974.00730547958,548,74,8.14957431023147,0.19810428459513962,Female,80199,26760.645448289913,0
33cb2667-54bf-4ce0-9b53-4cbe6f5aa3c2,47545.40390330339,724,64,0.0,0.1763593234024486,Male,48677,32727.847962902186,0
79a29cb0-eaf8-4de4-a64f-32c5e5372873,99054.37537582434,604,48,5.869805748428539,0.41954937955834115,Female,22818,10227.434078764394,0
b53a32f8-3e1b-4304-8d77-86c1c38cc7fe,73470.23902878576,671,58,0.0,0.367610818506532,Other,98222,33527.211577094065,0
1c7eaddf-ceb2-45a9-b97a-bd10bf3ae729,105378.9155219148,772,63,5.082746994545567,0.3525016796902762,Male,73001,37533.14135568935,0
ff904c67-fdb1-4d36-97f8-ca71fa054605,61221.721275957774,640,67,3.2397219614403174,0.20206689627014013,Female,33977,15385.786006670043,0
6cd9da53-5fb3-4483-820e-f9ca059126d8,131822.43774645962,693,43,15.529174126742442,0.49395349173220526,Male,59832,54537.35818088721,0
6df469f5-f44e-49e6-8c71-4f5af6faac1e,104261.19148230171,685,66,3.0343940540004684,0.30217352959796867,Female,50931,17010.114649741652,0
72cf5f57-c734-483e-9bc4-887b269d7a90,62531.0755456278,620,67,14.213256864416712,0.6570285208132154,Male,93990,10001.828886766853,0
f271cf7e-939d-4c8f-b9b5-8bb0297ac412,99147.12852863067,582,22,7.934761455916874,0.32417492542050663,Other,88894,2061.662279101889,1
1ab7f88f-6d32-4feb-a166-06c1e625107c,89361.27848755443,566,37,0.9927051463513585,0.0,Male,82204,43309.61048038244,0
7d32c91e-de3d-44c7-92ff-e649dd5b1a19,111058.94672597045,492,69,6.654054626298784,0.0,Male,55784,25343.243160188544,0
a89219e8-997c-4772-8ec9-d4c242d022f1,41052.29618259687,814,58,3.4779512683109415,0.3935924912768203,Other,19921,17810.710158034155,0
94ba2dbb-e36d-4145-903a-44ca6ec2d2f5,76994.31222996021,511,28,6.210787453706169,0.4950741228496208,Female,44959,2887.923468522593,1
49b7b02e-7f6a-437d-b6af-9474eb835eae,86489.82441466449,582,73,1.4305450628336667,0.18242578051142255,Female,42328,19161.236146495547,0
c76313cb-a37c-4e3e-8633-c920cabbaf29,20000.0,627,71,13.450888166729788,0.6151468159165727,Male,18859,60721.68081514167,1
53a48ec1-4eef-4da8-8f2a-9c2d227122a5,29326.90792702273,624,50,9.626990453983622,0.5494498405491155,Female,99506,1000.0,0
739ea03b-67e8-4768-bc56-32cff5d9ee87,20000.0,715,67,5.158907840807954,0.3315820145161722,Male,84408,15525.12398451175,0
a070dc18-b009-4b4b-8828-14e4c5a872fe,61917.79496666326,718,55,13.64557384034767,0.3809180913534197,Male,94766,51891.759550633156,0
934be54d-6845-49a3-ad12-6df4e639d5ff,77797.32752279704,553,44,5.371396220414243,0.43417953260827746,Female,36708,43734.59570604284,0
1f428447-09c4-4f84-a208-6605d57c0335,115070.71156288084,636,51,10.488124824305823,0.5834992345980773,Male,28847,16440.61497578078,1
9b442832-8518-4320-9a44-8a87a0815986,61389.416900704266,622,32,5.191502937612122,0.4023203950118372,Female,65989,28053.926454029588,1
5f346cd8-04b6-4420-a524-fd628dd655bf,101029.69641206793,580,49,6.969437974052893,0.32818974784067234,Female,14922,31944.06107041614,0
a6672963-8121-429c-9fd1-ac99808eddd2,24307.41281552027,728,78,4.592806095286102,0.4008451796379973,Female,79928,27007.578727109012,0
90afaace-8eeb-4b00-b8ed-fdaef7d27097,17000.0,639,75,5.476506769369685,0.38060404221738386,Female,62335,51766.753144137634,0
3da29313-b9a9-4ffc-9adb-b69c601c37e4,58083.53367813622,658,38,5.852659301939995,0.43866152809124903,Female,23541,30096.3130818693,0
60ee5306-b2fc-491e-a6cd-d9dcf9e3703b,81521.96346817922,703,63,1.651340837558032,0.0644965060380695,Male,29551,42032.74436444556,0
8243df63-b810-44e4-b22f-83833361426a,58666.283923600626,693,22,2.994656665384561,0.3473780174921183,Female,29381,27723.981536434232,0
27c4b89f-8194-44bf-9c74-d7fbb0681a83,20000.0,664,23,3.916224917569141,0.3690660761369604,Male,65673,1000.0,0
ffdd6ba7-666b-47f9-b616-869aab0b3f90,67326.39881461635,546,55,6.148555084011483,0.2890729249421742,Male,32948,7113.808699652749,0
61024e3c-25b1-4311-b8d0-76a70fd123ef,26236.027737126242,631,79,4.847104902482664,0.4176249666326338,Female,69072,10226.832260409627,0
3ef2167d-ccd1-4bba-af1a-9935129f1b80,76576.64999516598,547,39,10.865162669128535,0.5881751430853561,Female,77560,21260.712140859912,1
07daab2a-0b8d-4bff-a57b-a621fff3d0ee,68848.25527546962,557,79,9.235591594898205,0.32073256966566605,Female,92249,56176.21358521587,0
86dedec3-2cfa-4b0c-9365-19e4d58fd20f,41803.606410179345,696,35,4.018362219873138,0.4037581621061535,Male,12486,30436.171943131772,1
917d51d1-f66b-4276-9c7c-098f7a23817a,46396.39360791431,699,31,11.908919487259695,0.540939714067733,Female,76691,23413.17846902852,0
aad44a3c-63c8-4c75-ab36-304d9500882f,38223.59434333145,651,27,14.365103117877284,0.3242346758912783,Male,20082,43578.36994233471,0
b54df9ed-1493-4918-af70-8c4431f91cd2,57901.683019534124,624,63,0.0,0.16673051964617863,Female,94105,3221.7448674737752,0
928831bd-7fef-4448-9cde-0e6857de42f8,83856.12917278157,736,30,9.661450425331395,0.3923668273631886,Female,17086,17654.57244777642,0
9bdec7ae-1632-4946-a52d-972251a334e4,34363.98581844363,619,48,1.5350790133425045,0.0,Female,77853,15440.070190899389,0
7bac9c6a-a3b4-4da2-a61a-d19b80bf5e36,85121.39546553533,850,47,9.003740106616497,0.0,Male,80027,30970.62339202207,0
ea26dcd5-44b4-4b5b-a770-5cda2b3a74db,54092.271448826774,695,20,11.191189703232158,0.34995180706743867,Male,25916,38437.544385309506,0
906e12c3-5802-44ef-a097-df7a02c1fea1,46213.81503212967,509,47,0.6150370274472401,0.0,Male,25248,32072.283280408446,0
b7f46474-7122-412c-aa74-f70f86107407,56770.725821158776,660,23,0.0,0.10272483863577136,Female,78047,32309.747248283675,0
5da41660-d646-4968-b24e-cb6ac995d403,33101.320778305955,630,46,9.177170441079324,0.24298521547345162,Female,34226,19583.36321173081,0
fc319965-b841-4280-8929-a9892075d434,53390.52083958454,753,25,5.6770124124180565,0.191787547538117,Male,35025,29811.397871742098,0
f4700c83-238f-4f2f-8da2-ac8a90f61dc1,28954.11373898436,653,61,0.0,0.27782902446793234,Female,58380,12402.431938294148,0
a6877ea0-1a44-4654-9c04-c0126180f81d,109600.49088936792,588,62,17.647822527314112,0.46693052111527455,Female,17848,35112.084025116994,0
6f8120a8-61b2-4a59-a707-e7c1f327e8e9,60399.220575279076,502,60,8.12209706128276,0.33577212170458964,Female,24274,17490.95493005019,1
8f733094-178f-4095-99e8-dd690bfae5d1,41656.999546189065,583,61,8.350500200625762,0.1741019397330811,Female,64545,8177.3565954943915,0
1218862e-f675-4550-9d1d-b9b4fd2b58f3,64956.48772372266,531,50,11.829088762810242,0.5031661609176414,Female,45233,25567.291537481276,1
5b2df5a7-836f-4c95-b1fd-5bcb8aaea0d1,66630.1585092751,603,34,2.09588023576749,0.08567141451837135,Male,26304,1000.0,0
9db0310a-8101-4a77-a924-3794ccf6aaa6,63370.91201400331,697,65,5.652270560443384,0.3332825263158149,Male,21294,47115.55107994011,0
831518ae-4f82-4cc1-b186-b3646eaecb2e,88425.00100130276,783,28,0.0,0.06898710374824435,Male,36425,36956.484953675485,0
3bc0e9b1-884f-4091-b00f-bd9829029bf7,92725.23130141915,681,30,1.9602577635740777,0.33784768585958086,Other,78711,30054.547753717037,0
efa4f5d5-d582-4b4e-b2db-970f13ce2c86,45972.22073593154,504,67,6.928300002346188,0.25220588941611033,Female,19425,1000.0,0
f54050ed-5655-41e9-9a99-d5c724f186c6,44816.63486356066,635,28,0.0,0.4623356867289552,Female,54990,14497.147253898778,0
fe4f3d49-13da-494e-870e-dfd37c4c739f,61748.44908545068,745,48,1.8185522716095943,0.4081034206791344,Male,83746,25608.37652307778,0
7defb407-8c94-49d2-bc77-05a269219644,20000.0,601,45,0.36033020031139706,0.21192910020125055,Male,78295,21053.42843462189,0
c88e81df-a24a-4e75-ba8e-3976e55efc52,24544.268134043436,639,61,5.710461228101725,0.18315905387756382,Male,26091,1000.0,0
32832c0c-ed76-48bf-b541-3581da073358,111006.22802333575,651,23,7.873506308326743,0.2527354900451836,Male,10002,5253.564916957883,0
62f7ed1b-7698-4b2e-8904-6c999c89ec56,101446.67669428274,537,58,8.710764021882285,0.5813357190051509,Female,60411,20753.584046296324,0
ce8b3892-8784-453b-92f9-f99a7ab3a792,62528.91881330865,701,33,9.994083223890755,0.5428602721662121,Other,50958,5750.659021242511,0
d865a488-2817-49dc-a1b7-1f82aa01f75b,74202.20255792204,590,21,11.860584232861855,0.15475977219470238,Female,30707,45570.809858248926,0
77026efa-2eb2-4577-9a44-a19c726eb6ce,67436.87894086017,633,52,8.03622726841703,0.42003380070020224,Female,25248,32418.075391087485,0
e8aa3103-0569-492b-8921-731328f79201,162366.4242536571,579,77,14.436679494472077,0.040285285665410175,Male,81309,12948.038361414534,0
6ad73fb6-8f68-4b86-a367-d20599cd3f8b,103587.2473430373,615,65,5.59751260632341,0.23289863084139523,Male,88322,42537.3224202357,1
bfc06d8a-a9a0-44de-a3e7-7ec198030edd,66162.472255577,707,73,4.133394228747261,0.1608653470706312,Male,61720,39515.598830105344,1
dd983430-2d7d-46b2-bcda-07362443d6ef,35133.71876468914,570,76,8.0365368168002,0.46039191863586615,Female,25037,29334.375345803794,1
ca6ab4bd-9f1b-4313-8da0-5176446880a1,18535.618833431898,738,43,3.9179441250370566,0.10639237203173821,Female,77421,24406.206498040687,0
afe87b6d-f52c-4ba3-bf74-5e92855a653f,76103.90907601669,618,79,14.262823643875247,0.36440253531337075,Male,91867,20522.892876552407,0
c5e7f924-9570-431e-8b9a-a8ac60f69bfd,47309.477641470905,667,74,10.65491736567606,0.30010651823489454,Male,50612,16900.919383275148,0
9958bd1b-5a27-40bc-8021-c5e017569931,27332.388712069776,724,29,8.751390720997572,0.27368267554057346,Male,98031,4948.121211882193,1
b70ad373-d32a-4a79-91a1-1e9cad2ac5cd,50602.8134727242,536,28,5.657096720206754,0.5507374426116596,Male,23450,47924.93132646999,1
15ad60cc-1ce1-4bf4-ba87-1678f0c9b69e,37553.55989156815,509,54,2.9626141429256854,0.5639545788501467,Male,19491,17192.30171843175,1
afa95eb1-83e4-4725-889c-e0a79dac4919,120614.24905217695,527,42,8.506625022838799,0.2783410772320543,Male,84804,25423.009145684995,1
7a2d58dd-9424-4ef7-87d0-511a6db76cc0,96449.19270848352,751,35,0.0,0.24811255491000087,Male,16791,11346.282155490717,0
c69078d3-13f9-45f3-a717-ed62d39cf2a2,59296.697646426255,555,36,12.671817667205103,0.07396900217952496,Female,38314,21108.242250860054,0
cf850c53-51b0-4bca-9eb1-d16e5b27a777,97238.57554169565,800,40,4.111816473073133,0.2993611519141185,Female,61883,67761.66135804614,0
47127044-b707-4b58-80c4-1d06e94d3bca,72321.04922942855,604,72,6.525533666203645,0.5929954883618986,Male,97086,14110.031443821592,1
577337cc-37d8-439e-a364-c4cdc87bfb22,44161.473960152085,664,55,0.451994619033556,0.2806896990708115,Male,75629,46728.936618123276,1
749af1b5-0534-4556-a9ee-6598db86211d,115693.72231808971,773,71,8.614931315596106,0.4093138924715669,Male,19967,24582.917242691514,0
9782b4bc-eb08-4ac4-b6e9-a4c4a5da01d3,86167.30131053975,810,35,2.731291935808357,0.09037540141211034,Male,91754,35199.07695241968,0
0e88d0f6-3a24-433a-b159-f03de3a6b528,38882.61537020631,814,43,8.246143951525491,0.23478376053995975,Male,53220,43668.70383094378,0
61e5fa85-35cd-4423-a70e-5cf329ecd7ef,54646.36370886799,696,23,8.786967344886946,0.36936979587039764,Female,84163,29084.010766089963,0
b8d41fa6-31b0-4569-87dc-aec43ff2dc24,37171.734538688695,681,21,1.7618394320572976,0.31587935970720793,Female,14947,19724.39265429565,0
0092a499-6b43-4246-b4b1-3a21f912d5ce,24238.60686040943,647,61,0.0,0.4237001001615842,Female,49419,22208.635325763407,0
e10e2d48-ef7d-4bcd-8008-3685f70cdc07,97785.32642594924,712,68,12.659499582722724,0.2095992173162004,Male,66131,22713.572775304932,0
fa50d73a-e6f6-4276-838a-4900071210c0,108190.12433198832,555,46,4.03850482985459,0.03750171767645022,Female,98714,52965.55835373119,0
510235c7-619d-4765-9726-d8193d5fb44c,28042.972785425765,584,76,6.124244080228191,0.46831353454834057,Male,38876,2738.1133425941407,1
e8a2fa38-987a-4cac-a666-415714e750d0,86889.07710071713,649,78,7.42732262323371,0.15957760660936374,Male,98444,1000.0,0
cc32f484-a1fd-49db-90b5-930cb4abd4f4,42908.61448739341,586,51,0.0,0.3759906041252976,Female,29971,1000.0,0
4dfbdd38-0f34-4cb0-9309-11999ca1116f,47078.30271400025,563,34,7.313330684099438,0.3676285299732623,Female,72539,11591.028496413655,0
9ecfbf6d-9293-4f53-9f70-5a8bfa4a5e83,44393.95493190883,655,60,5.495632680773186,0.050437020745201205,Female,59228,35501.24615797543,0
f25ea0a8-5c4d-4dbc-9944-672ca8a43e4e,37468.235373164694,676,60,1.782346511478044,0.4573688125860038,Female,84495,36421.28938606296,1
937fc1ea-bdd9-414d-bd1a-63e071122781,60737.30151259309,607,70,0.0,0.2150149208206546,Female,38261,15887.460378899388,0
3f60fe9b-b11b-434b-8e9c-96467d5bbed0,38310.772031518536,718,33,8.02942773978635,0.3082581932980442,Female,71260,24572.627085102406,0
a4387ecf-ca32-4173-92b6-09bdd0eb59a6,66396.64905738589,508,19,10.638560040974397,0.2462726154051665,Female,91371,8255.520473682478,1
c64a5f9e-bf9d-4ccc-be09-b13da65df40b,58218.928209047,584,51,5.8929525869640145,0.5433887253349363,Female,94793,9646.71568890448,0
f1149d06-877b-41d5-8039-97e71d4d9e24,53406.82480490655,542,72,0.0,0.5015235312276094,Female,13346,33698.00258517318,1
b3ed07a4-fc30-49ab-802d-62dbfde4378f,42773.090138752064,500,25,0.0,0.028149812434391686,Other,66176,40715.26091662596,1
9fa233f7-9abe-40c7-a2e3-7205f8c9e8ee,44792.33107050752,593,30,2.8393814533797315,0.6388240682862283,Female,62300,17847.71763354786,0
f8a14b03-a3b1-43b2-a931-aaad8dfa32c5,92661.73677477268,640,59,12.82309870580375,0.19825399012272055,Male,21340,49525.226812462046,0
c77ff039-15ae-446c-aa15-87a7aee9e480,72273.3882844217,721,25,3.766246689505622,0.6153655015472757,Female,43012,39484.080231791646,0
3248a718-7a75-47e0-95bc-86280b9efc78,40673.34265604347,700,47,2.6571553860090007,0.2615685641790023,Male,45393,48875.88778383326,0
9183245d-890d-4766-9068-e6f25dc8a23f,72979.96916287678,568,49,0.0,0.24886249408620972,Male,85133,20485.928963576225,1
89b0d219-f99d-4c74-951b-f680ba5e8f46,92541.61370115366,798,53,1.7165760494494449,0.2629008400383266,Male,35557,47810.29368448968,0
18d38f4d-6943-4e0f-9668-e26c7ea35cde,17000.0,697,64,0.0,0.23988155325307647,Female,74204,57693.139599636634,0
3052c1b9-b4bb-4f0d-a096-2bdbfce7ff08,73355.68490568834,646,47,0.0,0.6786594806734833,Female,83273,18812.23699965971,0
5a20b735-2538-458f-b46a-4a9b8d7c928d,50121.2872316246,631,18,5.599753400793713,0.2885455201019049,Male,27276,22687.46442447871,0
1b5a353d-66dd-452b-9d04-08d4205f8b81,87117.96005779479,573,60,2.9941789719441134,0.25465553511919653,Male,64639,10784.222463904014,1
be9123b4-0bfe-4d19-85b4-e68ac8591e55,47102.225303724495,620,56,13.497472263356729,0.3115516136239416,Male,17310,7836.773557587585,0
d93d407c-bd10-484e-95b9-43b00426d382,17000.0,687,34,10.390016863537383,0.15489972046129422,Female,45167,8011.729881005576,0
8f00b50c-4c0f-4709-aa0c-2af5792e12dd,21173.726863505122,800,76,1.955580310948306,0.5395680801435376,Male,94880,12828.008023190614,0
88ba72c8-416a-4dc9-b469-28e2ddd10fde,71442.54839984146,773,37,0.41591079129742514,0.07933787464603029,Male,20391,29121.069684783568,0
d5b0d4df-ae3a-464f-844b-f4a163f28232,77791.67505164446,610,41,11.913209678320964,0.2078987089392892,Male,60621,13462.006908679728,0
c46b8649-e9bc-4ad8-a387-a1b4db066721,36439.926059837584,510,67,13.300212447417415,0.4404990464770188,Female,20892,28662.438318803022,1
af6be5a1-8946-4709-8db5-1d2eacbb7659,89157.77376332122,661,39,0.0,0.3063528196151148,Male,86733,28972.677267924286,0
6cf78048-cc61-46ff-b56a-f23bfca85aa3,17131.23841214152,458,46,5.464288119858507,0.38238227737500696,Female,88586,17948.13409188432,1
62c04b1f-5d28-41f0-a2de-220330b182d5,68017.6060405805,675,39,3.7406084605163636,0.5299746175028145,Male,46142,24060.443431460422,0
3ea4b665-40b4-4866-9411-30a87bc14fc7,28619.086906057357,588,61,8.245600700299685,0.4505702322498719,Female,55679,17081.31410970531,0
4882afa9-f10b-41a4-b4b9-139922ce4ca5,50444.916765935224,612,26,14.71334062080752,0.3206214517711718,Male,51615,20338.903400853218,0
d64dfa71-8f35-4e9e-a81d-46cc6291bd9f,60708.66611856856,472,54,2.5797149033610087,0.6134013974777697,Female,57553,12867.055383036779,1
84f7d950-6513-4586-afb5-422b7d51f3b7,44187.59904148143,691,27,0.0,0.205749577680565,Male,89071,26261.570346742246,0
aea3749a-3e9d-41a6-9486-938a385b9d07,49693.83362213946,557,53,7.895038500746319,0.28495355385111704,Female,51002,15991.812018102502,0
6b91e974-5303-4ad3-aeab-6bd2633990c3,85160.46663496824,506,54,11.949820343021013,0.295433950274585,Female,80658,7509.0118609330675,0
5f4353ec-ae7f-4c8d-a754-03aab89100d1,44789.25732715971,370,45,3.4812010924011263,0.284636735097453,Female,19852,33901.43333272806,1
1770b264-d90f-4e8d-aa56-cc7d4fecb838,80810.1488576611,597,45,1.4748125993016945,0.13961840145582594,Female,15387,34409.36801928195,0
6369eeb5-42b0-406d-a6bf-1d729195e8b6,36108.79436027146,791,59,2.813702973111503,0.06245252622592526,Male,49994,41675.4780346616,0
4645b5f1-4df8-4a8a-a11f-03d256d99a78,73010.0065368397,732,80,9.251026835656173,0.362580236156879,Female,43725,9634.039380937322,0
660a5dd7-98a5-482e-aa47-2a6a0e3e6812,96259.99982677646,563,60,2.7276952935750978,0.20497893216740143,Female,82682,17786.090399335197,0
69cb00a2-6f49-480c-84c3-9080530b1ff3,20000.0,601,38,6.643801501714227,0.5861713183471919,Male,10560,28457.431076345845,0
6eb9e023-b91a-4e57-9e37-19c34608feca,39179.170985502846,637,41,5.1390145786997,0.28911865151471405,Female,66565,17469.401847816094,0
c95dc24f-3c13-4723-9913-46ff8e4c38d7,87312.16381541619,570,59,4.62310193788617,0.26227661137627645,Male,11312,33563.67975711732,1
82f60f0b-47ac-4fec-a187-beaf61a0cc26,63908.63841871022,674,77,8.506461633761164,0.4641509679603981,Male,28205,32468.993312259037,0
375ac667-e08e-4e77-8205-c3b298b925c3,81134.37620113927,711,57,2.607100500679028,0.36032889561715825,Male,21595,32189.43034286599,0
a5d4e2ba-0611-46f4-aa95-0828bb7cad7e,51880.44439852538,748,19,2.847067199088605,0.27367238583194264,Male,97566,46895.00849956396,0
ec8cd058-1a6c-4baa-b703-3f02e58e444b,61708.03958055895,591,72,8.98801424999877,0.2038902378353335,Female,31329,34661.156116876744,0
640a2db0-8b46-4115-ad77-fec63a32e10f,65329.682938237616,633,25,0.06537337915673724,0.8486552705998611,Male,78187,27308.366672221397,1
38f0c8e5-93cc-4198-aad1-d89e05559bd1,105033.46184979423,579,65,0.5988990458883645,0.3542678643392608,Male,85542,22096.967701051948,0
5f050b54-bc10-45e8-82e6-60b2c1a1e2be,77632.62529903639,583,44,0.0,0.46266443660765944,Male,45645,23142.03837734776,1
f838849d-1e4c-4062-8014-238486a0427d,68108.86788291765,581,39,9.245054566382766,0.1465581719649757,Female,97502,9036.847692398898,0
f4bd89c7-4e4e-4d71-98e9-3dd20525dbfc,48997.137363877075,629,54,4.473815159593662,0.2133021920364488,Female,97310,1000.0,0
b337d9eb-7013-478d-9e15-d9840e256e44,55371.81327782519,723,44,0.0,0.6168518832435432,Male,79619,31956.341915965957,0
17cebe9b-c003-4916-a628-37601aaaacbd,57023.25436541137,585,74,9.269042811545344,0.5095396409033452,Male,43513,43354.494063445985,0
c63c0a52-e02e-47d2-bb0a-6fc45540c181,81833.5642713489,769,46,2.222289192122822,0.36864331555999247,Male,18749,20048.27615045895,0
6f07686d-310f-45e6-bae9-f2de6b1ecbc2,48764.895739083295,578,20,0.6416096058155736,0.24276436623044645,Female,40783,48806.41238548896,0
0380930c-374b-491e-9469-75a2b91402ef,66889.25885085852,598,61,4.02160720561524,0.2648946342065136,Female,70645,22352.313503777947,0
c3a40675-0174-4b41-82ca-158897fd71ad,132262.02395936317,590,30,12.393618047339459,0.19858338971158063,Male,92861,1000.0,0
b56dc45a-8908-44dc-a482-005827f9fd50,96133.74110295076,456,62,3.0251890175171487,0.1264726004792038,Male,63175,38773.73880594404,0
9a0ee87c-baae-41d2-a7a7-0a099635431d,51186.39992972005,670,27,7.876694320577923,0.4385766276391521,Female,94216,17810.676441427822,0
021185c0-dfaf-4344-81c3-4e57716b9eb9,90130.95501518059,658,53,8.635400102254769,0.38082468341880876,Female,72709,40131.68016280021,0
51c8ebf5-3aab-4772-9de2-cbf883770bb9,57757.73880935346,627,26,7.21636649003203,0.41041182245134095,Male,27323,5837.0877410254,0
15e497fc-1495-4bcd-ab1a-04f695cfe607,20000.0,655,71,11.35535824837131,0.24946530180566037,Male,60762,31180.66243221475,1
93b14bc5-7c98-4abc-906e-9b2fe861768a,39757.410672477876,691,73,1.464419976838605,0.33834584626997455,Male,98220,12993.083746835313,1
65c73d11-f684-40b3-977b-3fd8b878f804,17000.0,474,72,0.0,0.2351934352538798,Female,74222,28021.072998435335,1
1ddefe84-9e24-4acd-b00a-122ab847d51c,50536.40615694663,557,44,0.0,0.19090379058445406,Female,44493,36499.10041863034,0
51a8dea5-f310-4c1c-b5e2-bfc88e6bcf36,59969.66866933357,663,51,4.2776579235010335,0.5500593654213264,Female,68328,33016.01501940828,1
30a882dc-c217-42c8-b6ca-817b795b21f6,102249.1514630197,499,68,0.26476671079735503,0.3182260945261114,Female,22213,26040.51749545139,0
2373d7b2-2aa8-4c89-ba9d-d931fea56e60,79807.82121292487,673,18,5.737704559326643,0.37611815074298105,Male,56930,4323.1134068166575,1
5bf309c8-50c6-412c-bc05-a7681f5b8ce9,53912.936515373956,491,49,5.3849420986244665,0.42536310207862515,Female,37713,35955.16270827648,0
4015de60-f7cb-494c-9d59-13601e39f1b3,80649.84232017897,637,42,10.092866515930204,0.3201061329349536,Female,82723,40471.456569934,0
17fa03bf-e99c-45ef-8dd3-bd7d3238f9db,20000.0,647,46,6.455721541180201,0.33609491160377314,Male,42583,9355.044637651863,0
6ede84b4-90fa-4272-8c30-f74dd602ccd0,65508.171231768436,470,24,2.919240720692759,0.1370062234569439,Female,89944,11559.561785410004,0
5391161b-6449-4e2d-97d7-07e6c0a036ed,93125.955816609,743,66,7.054246022163414,0.1655827457345122,Male,32369,41103.36037049367,0
beecc485-89f1-4287-8e23-cea7327e0575,25642.412626604753,591,20,0.0,0.157827786730733,Male,57928,21873.376561461006,0
0a6529e8-045b-47ad-b736-5a979034424c,88665.7281017767,535,37,4.809296559878414,0.3908187625230803,Female,78950,11948.299938916276,0
b3a8a439-6873-4964-812a-c3de7f1493d7,68131.65839110756,616,37,6.597006167977904,0.31063359792330975,Female,29510,29088.316202789094,0
a05e3b2f-b3e5-4df8-be0c-2dbf38f63f61,48910.15819552957,691,70,5.646587990750633,0.16559526543516181,Female,22120,15422.134180683723,0
61926098-3c28-479e-801b-20f0a710d660,88983.45598318854,568,47,7.07532547467992,0.387014826245281,Male,15295,27415.63197108972,0
897dce5c-d2dd-4874-8645-595caf5ecaf1,117402.66787401208,604,52,1.7797699214360434,0.3815184691431159,Female,30460,18801.899937304777,0
93eb91df-cef2-46e4-8d3a-5a986039a654,64137.58950399162,634,52,10.76015701404758,0.19575510130509527,Female,24963,20087.33769879183,0
37374946-58a4-4fa3-a44c-564e0f08e606,77446.61758901009,705,66,14.110844746978534,0.2958258683056089,Male,87116,41655.96075786177,0
fd356ae9-9879-49fa-a0a4-76da31cb7cd0,56219.17301379268,664,56,0.0,0.38207125125907154,Other,97822,1000.0,0
1ad3cb02-4713-4baf-8b77-4169dbc8f5cd,37828.96857864781,570,44,0.0,0.1712466968820865,Female,37328,33321.26131652867,1
83b71fb3-75cd-4adc-a1b1-f32917b9bc97,94910.07449632738,583,43,5.215415040121927,0.3849340147343926,Male,94629,39181.761673997404,0
3c9b7546-3a34-41c1-a2d9-d2f49875c86a,37669.862439323886,606,31,3.7172450972356303,0.34515354062453424,Female,31605,15670.08788233517,1
ef0a008f-45a6-4a87-b1b0-bc177fd499c2,72146.98711658177,564,34,14.482062028863911,0.15012004417484603,Male,54813,39066.48031544726,1
c2fde9e7-c22d-43af-a4df-8f492040b6da,55670.2765970465,416,35,6.098921617122306,0.3329695102497153,Male,56371,10614.640497387642,1
d7b1314d-15b0-41da-aa33-54fa7327016f,84369.39477239175,684,62,11.962726268629787,0.35484728799838566,Male,57598,15100.246815045586,0
7620758b-7b84-4cff-95ad-9b212974f691,80009.86315860845,722,69,0.0,0.20609983107918015,Other,70776,13372.494346134477,0
0073dba6-974d-46c3-89c7-8c2a5780e14e,101126.19832773697,460,46,9.07084741666176,0.2179074525200686,Male,82258,39269.382454038765,1
68345157-6539-4f4b-af9c-6fd2e8eff877,46494.58182920395,519,37,1.4224159037083952,0.14873701036032153,Female,50969,1000.0,0
49961a45-787b-406f-9214-4c6de496c81d,61903.75194119886,699,70,1.3422871519017132,0.23265015463141586,Male,46912,49602.20839038362,0
fdbbd84b-3ad9-4fa9-80db-c207ac325257,34541.525247551166,764,44,3.75820986793938,0.29818769843442783,Female,48374,20425.92150829166,0
a4c77205-6b9d-4677-85de-32e78b2164bb,48170.52186805915,601,35,0.0,0.2183216761958519,Female,82302,34223.68231236033,0
d068b9e5-afcf-413e-811f-c546e9fcebc3,69121.16257264373,541,21,7.213927626609262,0.07726681526341689,Female,72784,32930.618820455966,0
e35300a1-2903-4500-89d9-62e9f7bd20a5,92709.65849936055,635,18,5.953574833583974,0.19671179630450597,Male,59882,27268.476823097786,0
f66f0eb7-3514-445c-adfd-dcb5b59fae66,35984.78423347055,709,67,6.330961240936352,0.23740618397819968,Female,25928,15989.709077836604,0
ef7da624-22aa-40fc-a542-104fc578f3c4,96088.17760316981,598,18,9.43515511066453,0.4225258064448377,Other,31274,43635.58844391781,0
66df03b6-32b7-4f29-94de-882bdca5b4d7,94068.76539952624,536,75,12.57391023097077,0.3892147372165396,Female,44416,17277.231014183435,1
4260caa6-69b0-4dd3-94c5-6d32df740ac0,70042.59003220437,561,43,3.1814447545622637,0.42543316183125035,Female,96148,14031.270134186434,0
8441d30e-7359-41ba-ab5a-1f72e71b9ec5,107358.29322023068,523,62,7.386753198682369,0.18914716545015475,Female,70998,38165.654252853,0
181203ac-8873-4ce2-8e2c-484776b5c264,46786.324026892806,659,37,6.464941041674897,0.32123261686190147,Male,39047,27186.24429305305,0
a501781c-0b22-4c28-a2f9-48c792b239fa,27761.305065558867,729,69,6.888072531644697,0.0,Female,53356,45367.32362674301,0
9066924e-9e57-4afd-9951-ae41a5f4754a,17000.0,625,40,6.962988322329918,0.3643380597271483,Female,47134,24059.993628167504,1
d0da8580-1d88-46cd-b8de-a9a431b6b4ab,114881.3293446755,629,27,12.952516722824194,0.39163465108511963,Male,77042,15236.869409563804,0
a3351f48-8859-4925-9787-7a774bba5a33,89630.96969062173,626,76,2.701615657553532,0.2472562248208614,Male,61310,29121.15209535848,1
c697ed28-dd94-4f40-ac4a-447d247ab2a7,68332.45987268635,524,28,0.0,0.34431447175826724,Male,90758,18285.74265868895,0
218500a0-2633-4cb1-a11a-ed4ab371bc91,66639.19997115541,670,58,1.5106311569205637,0.0727613586944921,Female,22363,15671.162330414418,0
8fa37e20-16b6-4ac3-adca-95f8f4bc2f29,30800.0292938914,593,58,8.786334667677025,0.1798399514400264,Female,95149,37478.3229048381,0
cf3ae5e7-559f-4c40-88aa-27b1ea3efd4b,143372.55938850477,635,22,5.116647543235886,0.41481738576484134,Male,54563,52473.32600912542,0
d4af8753-c1c0-4b07-ac74-03d538afed22,73876.63545925682,850,75,2.66200329752502,0.37668799178093615,Male,40628,21303.073121222642,0
93cfb951-d854-4e8b-aed7-6943ba2a53c4,73281.84383814679,673,18,0.0,0.23822182334328484,Male,79672,10378.882205711041,0
09bfde86-7ba8-45ff-ab54-9d0a4604da53,91772.99871696076,589,34,6.106430608652663,0.4217043476107065,Male,56246,22698.15475150272,0
6158a3ec-3f91-49fb-926c-bbd547578c89,84430.2769521014,615,39,8.222531376369044,0.3207447175199866,Male,21161,32722.018448438852,0
5803b3be-d791-4899-a3c6-e6ad5ba6096e,65209.04261911785,691,51,6.5293602754801405,0.22436685541167606,Female,99110,28862.192927162057,0
5c70d913-dae7-470c-8073-b883fcf69d4f,46285.76633664064,659,73,3.733348344225269,0.27257590340950594,Male,12810,42913.47541707568,1
31a1fd65-a275-4ab3-b680-6eff79bec0c4,71522.44310696788,484,62,5.733206421487312,0.23168734630326965,Female,69860,34976.3475741355,0
df93ae7d-1ec6-4e00-87ca-714b19d3c95f,107491.62466011336,673,58,5.704214832787076,0.12243360737722081,Female,87199,8448.857978351367,0
36a9d511-2a94-468d-8c5d-e4427ae3ba80,110362.60138464933,596,46,5.948484656088312,0.4885028708853152,Male,81688,17600.224740388374,0
0f1926e4-041a-4bcc-8cc2-8161d84d63fe,100126.25897930462,749,21,0.0,0.21479633500611134,Female,75548,4287.488200370117,0
a8e32929-bd33-4e53-ac86-940cc2f317d0,46464.00025100478,686,22,5.9866317530743896,0.17514589285546328,Female,72363,42170.19018445282,0
c111f026-51bc-492e-a086-182d15ae30c7,34265.07708340619,564,28,2.7970176576690275,0.07059775192299617,Female,21162,1000.0,1
8fc0b544-0006-48b3-a961-fe07de560ef3,66226.39239701055,752,73,10.203093030048795,0.0,Male,97858,5750.015040665316,0
35ec7848-ff62-40e3-8526-e2f716e53f5a,71671.74736866084,655,68,5.66459320875137,0.40522453021784804,Male,83535,17322.963009922405,0
4cabe7fb-0d8c-4623-97c9-96cbb67d1d63,102825.74555412846,718,38,9.177396109114461,0.4190413030554318,Male,17219,33458.761046572254,0
eb1b61ee-51f1-4143-a27c-095ad8018f3a,20000.0,688,52,3.4910930647512384,0.4789557876892062,Male,80864,17175.198794415228,0
7b653be5-b2d9-4e81-bfb7-cde7e1f831ce,115886.5095838184,582,29,3.6714308119427077,0.27764410257447264,Male,13621,19521.558794282617,0
d60550dc-ab15-4287-aec4-c7eda755afa3,65259.763042630315,598,43,12.47125623128166,0.2517011209059607,Male,99792,19817.0819009095,1
f41e7540-6c4a-4946-9030-cf512e86e71d,57193.5679015774,732,68,7.181675942077542,0.2238415330045288,Male,54433,27591.73933537369,0
3ea93b50-ce00-4804-a289-7b14a6ff0b2c,39636.86874219497,623,36,1.4274273379713067,0.23751635552426956,Male,86850,6692.326970949973,0
705f46ac-c510-4b34-bb77-acc603c41a79,20354.299844026922,617,62,9.484872193102373,0.4679685526110281,Male,76188,10792.344279279294,1
2489662b-239c-4c5c-9015-ca63caa9609e,94695.11751885744,573,77,2.3334763328606463,0.2960227126906563,Male,64951,50213.855481938364,0
e80710f9-697f-41ab-8aee-ab07157ed34b,72199.53901565212,683,24,6.128490689057616,0.3567106194002104,Other,91718,31035.986457955172,0
235747d7-a854-4101-a827-7434774a3af3,31301.173007768382,815,64,14.183373154297024,0.23369897520593946,Male,46558,36411.73257779268,0
bbe2c3a3-7cd1-4892-9da8-04df23b60bca,26475.491312377788,514,72,0.0,0.49812718593310606,Female,25659,25870.427971828252,0
7958d5da-b1de-4586-b175-829e46fd046c,59926.459021296156,651,24,4.121090391167318,0.014289168084789083,Male,44413,22895.796276358902,0
86e1b930-cc6d-45be-af38-438edd146536,102060.04889487951,712,43,7.041358204510153,0.11692137379229314,Female,20435,31856.964191429208,0
b9dc9a26-7ad0-440f-ac8e-f2d7732febd4,62212.25945909186,643,57,8.823491673323371,0.3569565786351837,Male,63911,35914.20525514199,1
1fad20cb-a703-4667-926e-b2698f744019,21169.85469548829,636,22,0.0,0.5625916126846403,Female,38067,37691.13512037578,1
2c4e7b91-d342-4291-889a-a22d2fa0d7ae,53233.55186580842,515,38,0.0,0.26623497003618446,Female,97794,23101.606602709897,0
74c638f5-c2fc-43a0-abae-802e40cc3c37,61818.292907569885,684,31,10.45374675995213,0.17364437914089845,Male,79224,39330.64834417481,0
d2cc5350-f5f4-4d71-a1d2-3fb6bffbd5a9,17000.0,585,21,1.3979257159808127,0.45009940577375157,Female,83225,1000.0,1
37367f19-138d-4a5a-aa33-535ef8ec45a5,58115.48090379578,678,40,1.1885874600134243,0.3485547663022349,Female,11379,38384.305145876824,0
aa72490b-39ca-4b75-a150-30fc138e9380,63071.96409373966,744,59,12.751248363860833,0.4935320717991366,Male,37624,18596.410648842968,0
cb59ba29-9dff-493b-9f8f-cab212f54f88,77253.26230274217,800,37,5.3485115736591125,0.10644733728834874,Female,98427,33300.73669452546,0
69be225a-7172-48ca-85e9-1b623121ce4d,106648.38042110631,646,32,5.381191138407871,0.48175027290163885,Female,67745,15260.08411456205,0
c227f5dc-23cf-4301-acf2-d128b773fbc3,88227.40825346782,626,67,4.101002774242338,0.06773138148475927,Female,61805,5099.5820488333375,0
e8763832-1e52-4e31-a3bc-c5ee6e4f764e,61933.33928335508,665,69,0.0,0.2567741780767699,Male,22516,30095.560469750013,0
69d5f19a-3e0c-4b14-ae28-ca4776051a55,31283.589327087408,571,62,8.378484746971939,0.3619174129235889,Female,89422,2477.042150182009,0
d4a180ae-4f0d-43ab-986a-1ef02798e71b,125120.67498287142,627,46,7.047252609628117,0.3279020067298641,Female,95843,19004.838576659393,0
cbb3fecb-5327-47d2-8aec-f69eb043ca02,61010.070067369445,576,25,5.843456626697163,0.45908885039735503,Female,34843,12813.55463343771,1
655af778-759c-4838-b8ee-bdd6e6d4fd8f,59855.19694378013,613,58,4.41838480361871,0.026000997448616447,Female,15912,22374.511925597853,0
1bbdb4be-c5f4-411b-ae4d-33e055788249,69276.2473866999,755,65,3.538401753308565,0.3211511219548555,Male,31514,36958.136793959085,0
255a7ddc-9626-41c6-b8e4-1d163420024d,64551.1613995803,519,36,9.562416947737074,0.47994630491759205,Female,97359,17652.320718182636,1
55954234-f662-46ec-9aa6-29d1fd9ea3ef,65669.18764228173,741,65,4.293534683969525,0.30889413406081445,Male,67032,29718.663211189174,0
8270037c-5f0d-4fc5-9b4d-0787c34ffd03,52790.13979359291,755,56,4.679694807330555,0.12864904803499463,Male,38797,36090.19057340632,0
6423255c-27d9-4c47-b64f-9d59aec7c571,45555.09699837,590,63,7.649465774418867,0.4511261092239979,Female,16449,15891.174238093192,0
95517ce9-b787-4f99-a8d0-f314f1c43122,58664.79160949204,430,45,6.039804653401931,0.20275345947844564,Female,11725,16108.697069213462,0
3e5b9ed6-fa00-44b1-acda-42fbf9d9577d,53697.25686598705,601,63,13.211380287702193,0.17635154819056825,Male,91406,45539.93353300316,0
a75c8c59-d939-4200-bed4-3a0f1c99af38,41322.43254173231,703,74,0.0,0.15747963706747395,Female,19304,23809.170403331394,0
656e0c1e-54c4-4977-8aa7-988861edd5fa,73192.90683075691,648,44,6.499537191836316,0.27019723305765564,Male,83058,32637.08189697812,0
ceea3835-db40-43fc-9030-284942727f17,62350.68347737434,570,21,1.471971097639155,0.3274590330559306,Male,23663,32523.416385388362,1
40442b4a-9b69-47e3-a95f-4d99c8df55c7,97851.82120885856,559,75,0.2895673262253533,0.10963499179453806,Female,80320,7030.185908830332,0
94521212-1970-4c65-8eda-543db9156495,20000.0,717,32,2.7146789697782614,0.14045311849050837,Male,85008,13586.861857420074,0
9cd2bea7-df6e-4afc-9616-12222ea1b50d,102745.20555767385,693,52,5.273397042408807,0.1958275686206673,Male,85591,30630.210453100302,0
53be35aa-9a2e-42e8-8325-0ce3d8ff40ef,107382.55577492887,630,54,5.495345379617048,0.15675170281700393,Male,22676,1000.0,0
2792b43b-7298-46ef-8092-813d5fdede8d,17000.0,570,18,0.0,0.3055137339824145,Female,35192,21830.53574442363,1
834dff88-4329-4785-bb92-c7c7c6e58e7a,59719.37217758954,618,20,2.294580851610903,0.3541832394601321,Male,34722,12020.741914108263,0
ab5a4ad4-41dc-495a-9613-11ad1ab6112f,58856.77402012626,576,64,6.406107757382296,0.33358107153998895,Male,17446,41657.5921296498,0
6a5b4145-f28f-418f-b359-920ab9f152c3,23608.451784695557,729,41,0.6153477460817278,0.33379978331217036,Female,14725,30191.73179732424,0
960ff10e-b3f2-4df9-a5ec-fa8b5984e8b0,39665.674466432676,574,44,0.0,0.5506487572932917,Female,95597,42868.694460860155,1
d4376a86-a8ee-44f1-95d7-3d5512bef453,36682.72463602514,747,57,0.0,0.36355253994407327,Male,98207,24413.13049669971,0
0da7a475-612d-4ea6-af76-d2eb68942a19,104182.89630730239,721,80,1.6840327581232062,0.417594637183387,Female,67632,23291.662108494664,0
3badec20-e58a-4e4f-acc0-e2022a6506e5,98070.35179442383,729,78,0.0,0.23780763753345407,Male,76945,20426.057213806525,0
71799a7c-4beb-4168-a176-5d49c80518c4,108146.65284982476,615,53,0.08033558444971067,0.4416009213992237,Other,83741,17453.959006673613,0
b057b59c-b759-49fe-b0b4-1d57b5ecc1fe,91650.16192129705,682,51,3.6408984836017337,0.2306471214310017,Male,26365,65269.84508583978,0
51e6d979-71e4-4945-8ee6-501271be6dbc,36128.44686348312,648,46,2.0008556172855108,0.3617172491382885,Male,75792,37107.54273689834,0
21a96303-bc01-4cda-bdb6-3b8d13dde4fe,54264.39201160679,577,41,0.0,0.09429496977264262,Male,74857,9007.17181094826,1
cc58e3e8-7b53-4408-931f-bbd4922b83c4,84681.23683683755,675,41,0.0,0.32493511979821826,Male,25704,64589.633037432686,0
73033e5e-c8fb-459d-946f-ce3e54744cc8,28335.74087325539,505,59,6.5115565257382135,0.15369296472459937,Female,60575,18925.300974965903,0
a49914eb-f3f1-4495-a9ec-5e6925199050,91389.95290517164,745,21,8.764136069042365,0.44040534817258614,Male,39902,29817.280002652842,0
63c99339-4156-4f56-b4af-38494ca2d1f4,62790.23805525595,612,20,3.0162751050281322,0.4313814692998177,Male,11195,39093.96057807798,0
36c90179-e31c-4370-b5f4-7222e0e0c99a,49942.069407485265,616,51,3.6711215177286145,0.23000589186613607,Female,63517,1930.6910939124864,0
afca5289-cf85-42d2-827d-ffb1790a7006,77629.47918918903,622,74,5.014052578430616,0.607436239293681,Female,44012,12590.097975263516,0
9d0c6a12-e03e-490c-b77b-b202fe60e5b0,83327.8993445812,629,66,12.89391788306126,0.2571182555709787,Male,21415,49722.47236856035,0
544b2e7e-2be6-4f43-a2bb-b5173c27ab10,59171.0150254276,696,40,0.0,0.05819716489912091,Male,49534,21627.57004995407,0
726ea004-839e-482a-99c9-c18693b8f8d0,104779.89410092744,612,70,2.9275513706371523,0.18313230444559797,Male,31686,39980.05175141308,1
3c5c4619-ab1b-4df2-9b76-002ca8d35840,37568.100172003076,719,73,0.0,0.14337884664632236,Male,87198,18197.973390304818,0
708564c6-2873-409e-a212-f63ae631bbdb,88478.06820832791,542,69,6.811592293677795,0.3569403152679382,Male,38743,23574.105917697372,1
3de17e90-25e9-4199-9e07-97bf700000d8,74624.08207819378,610,40,4.280208031059944,0.11469554599913212,Female,42161,51778.852991147505,0
4fa64ac2-0254-4315-8216-c1191273be29,51606.56579749324,755,62,6.014960564680388,0.2191178976290632,Female,71313,31562.68363447034,0
ce52f905-f9df-48a2-803c-42bf00352066,79783.99066726354,569,22,5.765612812955382,0.3471828255805155,Male,12402,19827.28349603502,0
7766b0db-ae25-4e63-98f9-255d69fad6f9,32466.592708440912,595,48,9.95354126851758,0.3207968842067704,Male,73190,14749.548087957282,0
2483cdb7-f141-43eb-a1f0-df47a014b252,97720.81057620703,691,79,7.690664822842329,0.2981034281487331,Male,62551,16121.869113801951,0
8b3b6d07-8a12-463b-8f0b-7dbed3a9771e,64452.93590671033,664,70,9.152539788300437,0.31890007785661006,Male,23275,43623.40046105637,0
113388ce-3621-4349-8881-5518637bacba,54318.309384428816,678,79,0.0,0.24442498537385182,Male,38182,36482.474629583805,0
6683fc2d-21c6-49a3-8543-b179b82dba4a,86249.73525884066,639,58,10.965854324875721,0.05943719165005043,Female,24915,7769.850518896132,0
c9c615dd-a31d-4ac2-a08f-20f56bab3a2e,41539.23589115964,650,74,1.3881863025550025,0.24047426688830323,Female,10909,26307.67835306055,0
a4af1729-fe46-495f-9196-377a34fa6ef7,27746.161109093213,738,78,1.6756522868800965,0.3703124676472928,Other,75908,23997.752922909916,0
1850c1c1-76fc-4550-8c25-6f23570df017,19805.956075140453,632,74,6.354212886764973,0.27945975170858933,Female,32620,29741.39154352441,0
03247e75-0137-4544-b8f0-89ff19fd21aa,88180.29854036919,630,77,6.509591315246381,0.3587232559695751,Male,44112,15946.43321287945,0
bccfc05a-3a4a-45cc-816c-524ad8632b4a,26849.05151134478,653,71,0.0,0.2119825455735772,Female,84051,41467.08417474135,0
f3a1fb16-8ab3-4200-990a-d77631624e53,122643.82545953094,801,23,4.133603541130515,0.44915041198168926,Male,12431,24979.910840709625,0
158ed18b-6264-4724-82c7-ea5711c514eb,20000.0,639,54,12.44117658434738,0.0,Male,96590,30601.54776378114,0
8b3a30e7-5bf4-4d77-af20-16ba7d07b2f5,102759.63739139597,522,74,0.0,0.3212160769385032,Female,72175,13229.646638285263,0
284067f4-1102-49bf-8255-c74d3bccb9dc,76330.52401607855,738,27,12.426096205063631,0.5023320520681918,Male,42624,13985.302934941568,0
5405f05f-0beb-47fa-bbe1-8f143887a1e4,57033.81564730499,590,57,3.7915077429175508,0.5246547774062194,Female,86121,64862.6666390035,0
da8d7c80-e996-465b-bd36-0c3fe24b7e2d,53652.42739573151,476,24,0.0,0.2652260746136287,Male,71264,52001.199286400246,1
9f0c2ccb-e361-4055-bfee-7eb8a23237ca,69677.9709159778,667,56,0.0,0.10107027665356738,Female,41958,23954.782556756323,0
ad3fad74-e9dc-4c8d-8a84-0e1a06539167,58540.31508816636,557,55,0.182612311324033,0.5049709263515039,Female,11695,47995.05926090409,0
ad7d3ec4-c5df-41c1-8f1a-d61179894fd8,87634.1979914213,592,38,1.8803534960862889,0.2922202249791659,Female,59932,43191.062713936444,1
20f0e8ac-9057-486c-b4bb-fc8708f1d824,62412.805040882005,626,78,4.47643370687331,0.2761545691095179,Female,54225,15621.83456426291,0
27581207-3853-4371-8be8-e550d0e37afa,74509.05284385633,665,37,0.0,0.1660718038683404,Male,11403,14126.001978967974,0
bdccdcd7-651e-4780-9fee-bcdd21f19095,50227.88858854667,656,20,5.934021962388268,0.11251687787126138,Female,93346,35030.14938026976,0
b5d8bd16-142d-45c6-95d6-f7c437a34d02,68291.63128836798,615,68,0.0,0.3845794753386531,Other,84391,28900.909571692333,1
d7794400-b5e2-42a5-805a-509a3f1cf360,67348.9451067475,641,39,11.952612858005292,0.40048071821379905,Female,48636,18969.930754919194,0
e96bbd73-c6d9-4f48-93da-0ddaf0654836,17000.0,579,64,3.649116396280128,0.3302316002699132,Female,20839,35818.398156231066,0
ad06809f-505a-45df-bdb5-43f6fe06c8a9,25121.27173630432,659,21,9.714230858663647,0.18539313276092353,Female,75546,3362.7561161058,0
6e82f831-0f06-4476-bd02-c9c3e6c32f37,78453.23439757923,649,45,10.551744899571466,0.14025017623362754,Female,57829,26725.022917786857,0
8fb3c70a-ee68-4f23-a6e6-08874e378c0b,63857.06867226251,525,29,10.416366217331083,0.08516270171701604,Female,19230,6416.14519655866,0
5188acf3-b0a0-44f0-a304-57d4f6e081b6,54808.42492300668,686,55,2.167966285187572,0.21591822358830404,Female,61977,6910.129847124055,0
86e007d5-6056-498e-b95a-30608aeea28c,59970.06529316752,557,68,2.1039992113933814,0.1491219652876554,Female,50232,14398.528155213902,0
6b04a801-a0ce-4f2c-b0f3-78377e5ba6cd,80427.45116085013,714,80,3.8751335035584247,0.04360354570634317,Male,35651,30449.309145159827,0
52204a50-688b-4b02-93ba-c523eb7aac8d,53807.209590719154,679,53,8.181186876894628,0.3977017518529572,Male,49963,14871.444866730542,0
2e4144a1-eaed-419b-b022-ada087f7f12a,46650.85823793062,797,64,2.4465236512291866,0.10214042077725491,Male,65872,6728.3708807442745,0
5c2b9239-3775-490e-b27a-02c93053c1c0,75875.35765293044,632,58,4.4036876320487615,0.44758840221461005,Male,89198,32158.7380401542,0
e3d32e8e-c4e4-415f-af9e-2d2018d4a481,40648.81667154904,622,22,6.367969081697249,0.3591107565170195,Male,23739,47391.20566661554,0
ba11eb8b-4511-4d53-849c-bd50042dc9da,69910.44527071902,598,30,0.47554036976066705,0.34415117814275986,Female,73294,34582.75651303019,0
7b0f4552-8ab3-48e4-b13b-2d4c27643602,20000.0,625,40,0.15945855835441147,0.5497963569090136,Male,58356,52026.98086890469,0
7469d478-ef9b-4678-ad78-b94097b76ad5,100874.66911976931,713,75,4.2086805929800475,0.10712960489032128,Male,11789,46137.67590403882,0
58156fb5-8e9b-4aa1-8f47-16dcd9f4598a,71551.23580153259,470,67,4.8708940747582075,0.43106579940731937,Female,29420,17688.576812350966,1
9a4e61b4-ab4d-45b0-91a1-4b4efbdf2785,77680.89202941627,565,47,7.169427400008216,0.2553536140467855,Other,99297,34482.39729046165,1
841b39df-b0f8-4f56-aedb-166216028942,84558.62009061061,514,79,8.359432874757779,0.6856605234944311,Female,47606,23625.538096672644,1
9cbfe611-2bb1-4753-a75a-a3ae1e703956,119964.2333338773,726,54,0.0,0.24288083532911858,Other,48640,40931.496717970884,0
883d93c3-f9d2-42b4-9443-782ff1c752e6,85366.43665796233,736,42,0.9395753402821763,0.21865374958115724,Female,54135,23622.82664104644,0
a41d0016-7fb2-48ef-b624-1be26edcdc60,20000.0,641,65,0.14623856218449038,0.36383036622858994,Male,47067,13169.552361861,0
ab442c6c-ae1e-4e0d-b981-584c143f21c8,26870.787348239613,586,44,12.062237007957108,0.26866372016870405,Female,68420,45601.08913525381,0
3422f81a-de16-4315-a579-96341b6b8faf,43567.12626876019,605,68,4.398647048987323,0.18623055565501961,Female,27357,29766.933260850543,0
9b429608-eea8-427f-9d94-cc332453b0f8,70782.73150632501,742,31,5.0806464762251045,0.1544584824096244,Male,49851,15047.05493036153,0
23ea1fed-0240-4937-8f03-8d10ac005297,85529.7706140737,575,74,5.288871820067564,0.5187306732581105,Male,48262,17519.10549889265,1
d9f3c9ab-d988-492c-a0d5-ae3cc10feda6,40993.53276458663,619,79,1.4216499314118036,0.12548075521500124,Female,86853,14951.190333422739,0
15fd6c49-1dc0-4629-a59d-411d186b4218,75603.00293431235,728,65,12.821347594730153,0.33346313405707495,Male,68643,9973.788509354257,0
9a324be9-e326-46be-891e-cdc2b4c64f61,40237.735224990276,640,76,7.05513327409364,0.45842762094391426,Female,31534,17837.269866346738,0
46c96c60-f530-4797-9d38-a11912e811dd,51654.46591024155,665,64,5.197952648889745,0.465674247816395,Male,42872,30595.3182059681,0
e8bee15e-fc93-4949-8df0-096472ff4639,23630.142030370334,680,71,0.0,0.209752139672784,Female,17689,25960.9100527927,0
bd457546-9e5b-4aec-8207-dffa497451a3,35957.55222417194,383,53,0.0,0.2690722799061356,Female,79103,18426.745954267615,1
7a45edd3-f7e9-4e3c-9ae3-1769f30ca91e,29449.461831509994,704,56,3.4554623419711583,0.23997097484784408,Male,96268,47432.61203195836,0
0ff5f16f-6e6f-4c82-8038-c702cf22f9f5,40723.802410680015,597,33,1.5000410321408504,0.06974718560011878,Male,96310,1000.0,0
f6be4e83-6d69-4754-870c-a2c522f6ee87,86367.8658134999,453,73,0.0,0.38062760745301727,Female,98731,29592.03872733566,1
96dbd82d-533a-4e6c-83ac-5938b9fe80a9,35290.32833478545,640,39,3.1452099021422235,0.3057755468452213,Female,47412,22858.611177736097,0
8ea944b9-7d38-4bf4-a04f-cf505e99a512,126625.74265335346,709,38,3.917859858620554,0.5160877620902818,Female,57734,10447.281553052795,0
b35cb081-adcf-48f1-9913-5d7d3a047737,72079.60647246268,589,71,5.708927102301349,0.17651923540478656,Female,97793,30466.815186815766,0
e08d87b1-b105-4a03-95f9-6a2cf8e6f060,64213.32115421928,676,38,2.480402643128685,0.4633044837926543,Female,79930,21703.776814582678,0
9fd7283c-78be-4e26-aa7d-f78713fe9e5d,44249.266594563596,778,25,0.0,0.4738851225426307,Male,32228,43706.1019932084,1
63eb1604-4182-46b9-b98f-640cac189392,91009.29638226973,755,66,0.135395570043765,0.3070607530211831,Male,87924,38020.978636171996,0
a1dc037a-9239-457c-9335-046d1449715d,52730.86521286678,781,33,11.064863646130938,0.0,Male,21319,53591.96104560979,0
96135629-21be-4784-afdb-bf124defe836,62611.25027345672,659,76,0.0,0.22311485138335646,Female,16475,17750.231042290114,0
310bb2c0-ec47-4dc4-8667-83c66aff4ef8,146802.53614806384,656,72,6.815911491456351,0.5678806686456175,Male,93694,45948.31734621273,0
193ce107-5791-4a01-8972-18ca89c905ae,67118.2030082605,521,48,7.59773164887198,0.3445583657237864,Male,24728,7512.178479768681,0
159dc693-1ca7-495c-a24b-895076cf2f90,88806.46982028474,580,59,4.393622620821656,0.40400995588078287,Female,39545,23340.452510866315,0
062a24c8-8ab8-46f9-b6ff-85ba47cb0347,41569.001159289866,532,27,13.839145292025893,0.2866250127547547,Female,91686,18021.29421048593,0
c4a3be2e-dd74-487b-a546-bb10baafa195,68950.34528509114,823,49,7.508594965138496,0.2664835635205307,Male,71756,34036.68119364113,0
94fdc295-77a7-4799-8f2e-4f65f707e208,123124.0190690653,635,76,14.214515241523252,0.019898314695074082,Male,78775,33674.13697365328,0
869d2e46-1443-41bb-8082-5cdcd1afc6c7,51190.98826636698,659,51,1.744679990425638,0.419210882558296,Male,48699,11490.706101580428,0
5aa2332d-4949-4035-a8e3-078bac2c5fe7,124373.45673990785,694,80,1.8302729505329074,0.4619521807083564,Male,46821,34872.882609766246,0
3d7544c9-3356-4c64-8f2d-bd3ffdf681bd,77547.67435411463,603,79,7.637685793400075,0.15737065717999676,Female,40615,19292.66375734162,0
1ea6703d-a6bf-43de-9932-012f3a992127,53125.99672317197,785,26,3.6926718134039858,0.27317173177375387,Male,23746,12748.03960072459,0
d6e78834-e298-4ee8-9a35-26639eac9609,75626.39734591579,550,34,13.428327124460088,0.2529388083968564,Female,96457,24823.27956786509,0
344ded99-2fa6-4e64-b881-a3bb7aab1612,84300.1384654816,615,28,6.7085019181546865,0.3630229940979429,Female,32745,2847.3375795622305,0
d8b75189-ae95-4695-a796-a775e4ca29f2,88654.29886651589,590,49,0.0,0.21834546277363576,Male,11245,38969.595249831575,1
50474fc6-c56b-41fe-967f-a8223a2c3d7d,22893.25840328631,544,27,0.0,0.43970113847745035,Other,34853,24165.687843374195,1
d825ade5-f9cb-437d-9822-c192382fdc78,48185.88472525394,601,39,4.608807038283677,0.3106986474186733,Male,37632,24493.815673029392,0
00218e33-6840-4bdf-b191-cf73feaa6712,62574.440933454855,647,74,4.554384352333832,0.0,Male,22856,23692.500593702396,0
4ad06d9b-2bc4-433d-8a75-5a7a3e11741e,67766.99712699861,615,34,6.5688296165419375,0.3664080412788965,Male,66893,49702.75130037676,1
4a3c89bd-3d28-4cc8-84d2-a0d4b19f950a,88620.16292652034,594,21,11.053452868779514,0.4494526481386176,Male,80641,47783.16533244731,1
ea591650-aad2-44ba-8442-70bed5edff97,75331.03002799762,537,65,10.395566519969638,0.1271907509602592,Male,78049,45261.4164009878,0
602fbf3a-d304-41a9-ac20-3ead555e3ed5,29939.66923869696,643,69,2.1054948383178362,0.36130904024618615,Male,68182,23724.375336117428,0
d8a6dd08-e20a-43df-a932-2c3283555ae8,69195.04520065205,479,64,0.0,0.5744939504631315,Female,12801,8265.62631265094,1
b6518472-7269-46a6-a82f-ef6fc4901a3d,75069.93650473749,660,42,0.0,0.3168099562767358,Female,89431,24760.30835674129,0
5f40587a-efbe-4de2-a014-7552367cd903,73774.6564222415,606,76,1.3159914733931073,0.4712443296494234,Female,49749,29716.006310907727,0
ac902431-bdd0-438f-98c9-e5690aae86b7,102423.42176663865,533,38,3.166342259804904,0.23367675446452196,Male,83757,37189.15455839917,0
e50db584-858b-4d2d-b595-bbe983ea3141,80765.01494099705,575,54,6.525310694825835,0.29730535673142655,Female,65654,29667.741116503654,0
3120b417-ea48-46fd-b04d-2f248e945fc0,71209.09202032513,539,55,0.9951620155201013,0.2693068068110482,Female,81574,9602.585857156206,0
aa15541c-77c7-43df-8efe-6d6ff421a53e,57710.77435780449,625,66,6.401959855566572,0.2419319360478665,Female,65381,16968.767944896706,0
689a9cb4-49dd-4c9f-beb6-84fa4159a900,17145.496195342217,707,18,6.81020072929526,0.27784169323753855,Female,68601,15607.952031266168,0
aeac9408-6ca3-4be9-9fa7-5fdb7c91d15a,70455.26458788093,449,80,5.7167194129794465,0.05539773286135238,Female,25082,33085.79575608732,0
f0ad854d-17f0-4ecd-9727-eaecb6296c1d,76230.63061489334,659,42,0.0,0.25036797984250553,Male,24648,33453.96179859951,0
66387126-30d4-42d7-90bd-9340aa6b8cf2,66425.26034848203,587,68,7.33913362617979,0.5006709683140177,Female,10364,35419.47832121306,0
90a05e80-7624-4060-8f34-860a95ada90f,31697.54272539072,703,53,15.406348143833615,0.155446491472225,Male,44568,29515.537820085297,0
c11d519b-c135-49af-b3aa-267a8c58de24,37568.30378775213,667,34,6.229484134564522,0.1400800092790034,Other,89646,1000.0,0
c2c7052f-d4ea-45c5-936a-86e9ebaed839,101594.5855999871,589,58,0.0,0.30918185570921325,Male,81494,1000.0,0
c0801a0c-50d2-4f8d-a799-eee9d41a0afa,68813.34538430035,624,80,11.204397860234515,0.31667747150358666,Male,84632,22897.18552990537,0
a0977eed-6d8a-4537-a95b-3844d5851bb4,90445.02092117873,586,41,1.4862611165030675,0.35661970785809793,Male,17436,26471.168806995887,0
a587a828-402c-470c-998a-a021019f1140,60222.11859132676,686,19,16.328563452478463,0.28293921402230415,Female,96713,43804.98380729467,0
5385bc83-3521-411f-b6b4-1f0f7fde56a3,70892.68418487236,651,57,5.581817256829802,0.31077962466875003,Male,36754,26166.927219925474,0
c54eba12-f574-42f5-8450-3324c012fe26,98148.51417927993,802,32,0.0,0.2473672839556501,Male,70194,10360.760037105296,0
69bcf8d0-1a3e-4dfa-9e07-0068e747b729,46340.85943045696,595,49,0.0,0.10863057670500537,Female,34544,34932.47211666053,0
55685ebc-440c-47df-a9e8-9eca51d8a1f0,61951.07981199508,543,56,12.698703813379392,0.2892912197534024,Female,70180,24741.224607036358,0
8c4423d4-a01b-4e54-a038-413e28bf4b19,56131.741338848726,528,76,10.529524929586362,0.4086895494663696,Male,73295,18969.178216989476,1
97532b84-17de-4390-8057-241ea4076775,56965.11317703054,505,23,16.130094428833452,0.3772581939528501,Male,22638,1000.0,1
3b67d27f-4730-49e9-b2af-f227da100512,51616.110851549696,473,18,5.054622427867777,0.038363680959106916,Female,75715,26277.80512166849,0
d5f678c7-ffa0-46b3-b5c0-bc4c0258359d,65164.411176659676,621,64,4.717350583101598,0.3377888044963624,Female,79409,28432.268664691906,0
2d75a3fa-b4fe-4112-a71e-359cd82fe325,47291.91014758132,640,40,3.086406039207213,0.1660845711214246,Female,93106,10057.805438409254,0
061c8092-bb43-457c-aeda-2d3a9e646728,91521.78120212478,473,75,1.7085487937038963,0.5088246007832072,Female,27157,36165.366823094126,1
986f19f2-af72-4d6c-b2d7-66f3fb2de124,43161.780933414884,721,56,3.037852227710922,0.348940467439257,Male,55565,34821.95197976475,0
5139640e-139b-4cdf-83b4-b7f4fcad2fbf,54734.77307388534,561,78,6.0873166616201475,0.43444259401959096,Female,79996,25733.688735894637,0
e96ea201-299e-4b10-8a5d-c0a052badc22,48286.85801400853,611,79,0.7804960654394915,0.30317522166222893,Female,75888,25175.842869130614,0
d5be8c6b-6f8b-4932-b103-c2b8034aa6b1,96397.9360510202,728,74,0.0,0.2900917501653784,Female,66095,39190.56619996372,0
ede96646-f2e1-4b88-8a5d-6a09daf5c6ac,75896.64329534724,721,34,5.799383170070888,0.524376737647987,Male,74947,30512.955531715474,0
26ae8328-8917-4313-91b1-608967298f5a,85812.03575645018,578,51,0.66902200653284,0.4459161594937524,Female,97122,14466.168265774593,0
2e74f993-73ae-40a4-9ce9-e15e3605e009,21618.21048755721,528,76,0.0,0.31767879783713215,Female,80880,22035.275745997784,0
8e334035-00a3-4e94-98d5-f5cd16c0cc60,78011.50797607776,477,58,7.7628369532850545,0.27005003607939027,Male,14507,33352.741029041186,1
5eda0998-7301-4de3-9b55-fff160905e82,82185.58528839763,542,46,0.0,0.04392379117036954,Female,53988,1000.0,0
5e64f1d5-0e6f-43e2-bf0b-9dd1d8d7ae5d,61598.24172652332,583,26,8.308947273453674,0.34868513023112097,Female,26865,11027.109268155573,0
a52611de-9b98-45bc-8cd8-5db8d09bf682,86669.74956416646,521,30,8.189240532579907,0.28108440460204276,Female,37213,35232.06499508463,0
891563a4-4609-47ee-9cdc-8540df2f13a6,46309.14452244051,589,23,6.417950057614164,0.3830934070623414,Female,65954,43133.16406324169,0
1d728493-50a1-4179-8a49-770e55084604,95438.35972473229,606,23,17.48408920178248,0.42867282623021796,Female,67450,40315.73110402018,0
d1a6dc8d-6d4c-4f19-b9b9-479196bef5e6,118121.90215229089,582,37,4.309740750138113,0.484938164257087,Female,14477,38399.39968371671,0
170358cf-c993-4f01-9a86-35459c80c69b,59114.84318681023,597,69,3.571802162507058,0.35054893663416065,Male,72222,26946.15794007162,0
8b70c857-4a4e-4aef-a5c4-093588e299e5,56634.924357976844,663,70,8.418362107084585,0.1430459302307692,Male,16533,9566.448854684659,0
705f7d23-95c4-4ffb-9b3a-a611cb379a08,113601.53431353102,685,20,4.722763189431037,0.0,Male,59395,22050.64923140148,0
c4f030c3-49b4-412c-adcf-d0cc60be207d,99779.08971613315,512,34,10.802467686970047,0.17629502094648125,Female,33396,1000.0,1
602d7527-4aed-454d-b96a-a54388390cee,46167.06930759166,712,80,0.0,0.5000232749257602,Female,22755,44509.8412931613,0
b06a6871-09d3-4a10-99dc-371ca6fdf864,48785.23616405564,592,66,0.0,0.5735237203949162,Female,10865,12743.307962885365,0
352ef061-517f-4476-854e-1973f3947163,52314.492474057064,601,29,8.829047456631088,0.26431488723462365,Female,21173,16999.813599651956,1
5cede93c-abe0-499a-a36a-10580587d8f2,25216.511968625935,656,65,0.0,0.0808561118576473,Female,68905,40879.28578960865,0
9c539322-01cc-4203-a16d-81e5d3d77d91,42440.44160547406,668,64,8.045493032213571,0.202737963749574,Other,48097,1000.0,0
5efc0dce-b4bd-4819-b621-570a3725dd74,39875.77699743796,726,62,6.850014231051828,0.4706708734046806,Male,43371,7158.96063961853,0
874de298-6784-436d-b50f-2281ba1612c1,39921.16208984472,622,72,1.527558569861684,0.211348023970934,Female,21254,29019.57015737702,0
5f72099b-be9b-4beb-b4f2-a0f5932c064f,68959.45337839656,601,18,6.835850801167171,0.3883685921501271,Male,14018,32805.70622601218,1
b6a62bd4-ae15-4eff-bcce-f2e4ad4d4c16,65472.47567968128,628,34,0.0,0.32528374519470526,Female,15192,23924.48807238761,0
f3233508-4453-42df-9054-eb1eed53f27c,99037.76256675895,508,20,0.0005003686814974984,0.40650048885555806,Female,12015,24413.753305961385,0
91f603fc-bc5b-4b9a-86e7-7ab5e4e53f40,34041.97196116083,608,43,3.8140613079396704,0.5727016498420556,Female,78916,44025.669308416676,1
d04ffd7d-42f4-4a0e-aa72-cb4e5e8905ea,99529.67195429752,647,32,5.394639095361104,0.38846722133015077,Male,38343,34544.776675909765,0
3196428e-c58d-435f-827a-666ff98dd4b8,63580.33467323473,633,53,3.481807315060711,0.3220374414956894,Male,79306,32517.54901791319,0
4e5a2b98-825a-4ba2-9c29-e59e5ba180c1,58238.67540386295,589,49,7.165579819365554,0.5892560348713378,Female,15829,36634.69739190614,0
17a6dedd-d15e-4e9e-8ad3-088210a73449,76707.8970502484,449,49,6.942332075241455,0.3524328152437592,Female,44381,20491.145879670734,1
31e38d3a-6a7b-445c-9512-e878bb73dde4,36318.33935313104,606,21,12.646834041740721,0.18105787540025992,Male,91081,57597.48496214531,1
14f0f3b4-ad66-407b-a86d-8af5ca45a694,69251.44852769328,607,35,4.523573264274978,0.4031197934654228,Female,28263,1000.0,0
238355d3-4577-491d-aea8-7a6f71d66398,74993.56624639168,662,66,10.972817155920644,0.3671183313199456,Male,63260,46868.81536178172,1
7d3bca3e-f3d3-4bdc-850f-18c21ac24992,72057.5072322078,517,36,9.603627564469466,0.25381464865941,Female,53306,38531.61278114664,1
c8354c42-8777-4ed9-9c43-7171d8f6989d,66873.80041964936,701,60,16.46988641646574,0.22236209213005897,Female,68418,28724.32377326281,0
0fceee48-57ce-45e5-9e86-334a9e9f17cf,122110.15356772782,530,69,4.363709900488629,0.2552610769027638,Female,10148,26200.434364031673,0
1aeffe24-d2fb-45b9-8e74-fdaf09e3ae9f,50867.80047246052,727,52,2.8982063927350588,0.2202165963747365,Other,11754,22666.700542943407,0
00fcccb9-8672-45d9-b8a6-e848bd82d8f8,45959.57764745365,634,57,11.288471111218666,0.2601360271930662,Female,36745,41551.65381945113,0
9147b628-b1d5-44a7-ac7a-221433f4c3a2,43609.9165761685,548,31,6.9271628587063105,0.17358050966372077,Female,82914,24402.03289000174,0
4cce8bd5-2f23-4fe6-990c-ece048d9fda8,53335.68642519236,792,75,11.408296083919497,0.3579232032239723,Male,65833,14081.728907153692,0
bb77422e-b543-44a7-b9a6-b450244ced33,50878.38618080447,554,50,8.583993989947501,0.34668019709382286,Male,30140,38529.74327982523,0
279ac0da-75b3-43b2-89c2-e2d96a719ed4,105670.49593322656,723,31,0.0,0.35178026658442035,Male,84907,48771.49351089787,0
eae67416-83e0-4f0a-860f-8a7d5e7b06bd,95722.8583237413,680,51,6.881608885155915,0.2906445990845019,Female,70653,1000.0,0
92ca626f-3509-4d99-909f-8d38a1f07f04,52877.61118751571,596,78,6.5560794897574475,0.2733505115962407,Male,71521,60356.377461554795,1
573a8209-e95b-4f1c-8ae1-52a95a82eabb,45029.332806873135,761,72,5.665534512319814,0.5163008696480272,Male,88315,9449.030537055378,0
f1cfea1e-610e-4169-af0b-d55ece8565ff,84142.46669159213,629,21,4.338784729383086,0.3101108830256704,Male,41075,10595.52585226971,0
956c7231-36a3-42be-83e1-1e7ffa930c38,53433.30867157086,673,41,0.0,0.4895650269083215,Male,40697,6326.654207610809,0
3d4255ae-f00b-472a-ba18-6bcfe9b766e1,88987.95453266532,670,76,9.370884586191615,0.15053760252505297,Male,64544,25012.73578696938,0
3bb405d2-027d-44d5-b2e1-ba45a60d8e3b,64674.53703170814,589,46,6.868842140467473,0.3883766751302068,Female,19795,5804.225725470493,0
9c7c67be-6261-42a2-af40-bc8ca943db67,20848.525067570587,664,36,10.509783486987121,0.18979454450099764,Female,74555,7626.099042236714,0
748d21e7-f572-4f7a-bcba-d50a857ccb9b,98961.38263391657,663,23,0.0,0.21657721075599984,Female,62204,14671.749286245742,0
1d2a1432-5a88-4cb4-8b97-fc9d84a70383,105294.88066393581,460,74,7.535672447726342,0.23821412401086728,Female,79754,27076.835127915092,1
f94e166d-18de-4b67-be28-4f32ffc20a8d,51616.33928546841,754,50,3.8267033122671865,0.22881015470943322,Male,74860,28522.80398451267,0
1a71f07b-6ba4-4d9c-babf-8dd218dcd94e,49613.61022163241,467,66,5.718940049627647,0.2295593015277224,Female,61529,43617.95919115127,1
aea035b9-fbe1-438f-b9d8-a8d168497343,78575.96172174715,732,57,3.884201829095546,0.4825912634835847,Male,21672,43272.2315979237,0
ed211f5a-3f5d-4f42-9cae-ae5e7ad1bbad,80033.70369961075,740,36,7.718039637400649,0.30681167596764597,Male,64238,40369.169711464056,0
f8d45aa0-8ddc-4c6c-9664-6d7a4dbece0a,76292.87895315717,512,70,4.1856343950421016,0.3337583083814414,Female,45950,21075.742434014115,0
3191e231-53d9-4056-aba5-daa64cfb5265,130306.13616299049,617,18,0.0,0.23142600546728254,Male,21009,1000.0,0
87cc5282-7366-4475-9112-571d5569fdeb,54987.845698901736,511,22,5.432127093930956,0.4285408955577163,Female,57096,1000.0,0
b7068a4e-fea2-40ae-8eac-eb68f9afaa85,46051.08266384639,632,44,3.929127314322498,0.3532584417358379,Male,29544,40265.94814164719,1
5ecaa45f-0302-4ff6-869d-d2876b5eaea3,24327.359685629555,575,33,4.583031894355583,0.25366070334753926,Female,65728,37656.317075610554,1
757f36ef-7a4d-4c34-a90d-65e0b4244195,40861.28398148106,662,23,0.0,0.06235741610600354,Female,39381,15749.433063339302,0
ed7bd830-15e2-4c5e-9d43-c06111b80979,69006.19081378609,754,57,8.413180417843527,0.33244446876028055,Male,35287,3388.956230538377,0
6baeba3a-e14d-466f-8ff7-eeea40828901,105261.22551970358,711,30,3.4266819132660955,0.38635192838031873,Female,74610,9292.734652463629,0
c6a18861-9c25-4b09-9844-407d7d99ca08,54471.66102891486,605,65,0.0,0.15317282425149803,Male,78122,27620.414532992912,0
1cab34d3-e5f7-4561-90db-c08a8f3f4e83,65206.5927667919,583,79,9.612817584240709,0.25569080719512566,Female,78184,27648.414997824057,0
6a4e4950-49ad-4c97-9429-568639d25633,69507.31311781744,515,52,8.181828638764653,0.3805740752191434,Male,50081,40637.96909690499,0
86423b5d-6005-4a09-9cf4-361f430279f3,89804.02847292615,535,36,3.363399018625719,0.0643607914317349,Female,93637,18244.68314188756,0
09ce0f6f-dec2-4376-976b-a59969033808,123936.77685977735,677,29,0.0,0.20267217248851654,Female,55312,21339.459572475364,0
dc2296eb-05f5-4f8e-8cd7-fae1133cf1eb,54073.936812390384,779,33,5.890153673396862,0.35653634124396016,Male,97228,41879.81958949659,0
080d262e-0ca8-4099-8294-33cac2484488,47019.29421578534,501,76,5.615530422938046,0.4657527658277415,Female,82943,1000.0,1
165a43a2-c5b3-4661-8992-03f625ea4065,86126.10236526134,552,60,9.621671414958909,0.6278669718406751,Female,92790,29761.794203755395,1
acd8116f-3cc1-4d4d-b6bf-38b0f453c7ec,76888.23298547094,597,27,2.7813224256975486,0.5937982152550636,Female,90770,19986.568320520964,0
bcf8740b-fa27-4742-98c1-c251f6004223,106591.03680626885,622,42,10.97461067432498,0.3215654223474014,Female,62726,35691.39668430614,0
c93e87e3-b6c9-4967-9b13-9dadc7387be9,87517.84555977891,585,37,2.2987349833211637,0.22736596777770712,Male,32211,32689.099042920134,0
238f01e7-f4c0-4af3-9ded-3cf92af39c9c,50338.05168492998,633,48,0.0,0.4384683401656329,Female,39480,14555.355334155018,0
6520a77c-e838-4ee2-aad4-d3bf97875cfa,87719.64492076928,612,21,0.0,0.2184610614414514,Male,57780,17389.97715281527,1
e593fc56-c466-494f-8181-920740a35428,103261.10741748723,648,61,4.687942304321922,0.18568570725815225,Male,67138,1000.0,0
99b1b402-0ce8-4449-aa9a-bd8c57d6a0ab,94614.46543592092,693,40,4.672427454706338,0.25421009214523493,Other,52503,36249.8724739273,0
3cb0d1d9-b005-436d-b33b-c271245c0974,72435.4877932361,600,19,6.639305703753879,0.23539900497343397,Female,67893,28596.60730096946,0
2c445711-a03f-4bc9-ab67-7b5e2eddccae,102000.24068767461,615,73,4.548129844407794,0.36189459345988134,Male,56193,45977.68533177569,0
598a4658-2030-460f-b49e-ec4b131dca23,105078.86771337019,641,39,9.886592580321647,0.20963975667984583,Male,71358,19008.9994575918,0
9b34099e-fecb-4d28-b7ef-62a9eacfdfda,94745.05427145695,592,68,3.694529507687119,0.3127683085946722,Female,90857,38715.03396472039,0
1ed68b74-aed9-4fe0-a5d4-0f9e7f5ad431,89461.29662768928,620,74,0.0,0.5392430177107981,Male,88182,8951.109316537912,0
7ca60f20-e8d3-4e50-b76e-857a459669d9,64986.45759049437,629,54,4.3945165576710306,0.31832110711110717,Male,32117,1000.0,0
57f296bd-e8d0-4013-aa32-18dfcbb6e91e,74401.41059299969,777,25,0.0,0.5275113432182666,Male,69056,23582.29089448348,1
ba3ca1b5-21f4-4eff-96d6-a7e0c26935ae,90265.9786459631,644,24,6.356954904988489,0.4803084901598923,Female,68706,16499.773674204618,0
114bf381-4d5f-43cd-9e53-71f36e35bca2,38668.14038982548,576,31,10.28596499492458,0.3888060355050949,Female,80429,9237.678613229198,0
f7384010-8e56-4383-88b3-3065101a9222,81060.19926618703,705,73,0.06887756858740346,0.24687708150922194,Male,19476,38471.58090229925,0
6ac184cd-38e9-4d3b-b830-db6876a7b647,49469.8602856523,573,72,12.092783431959253,0.45607619660236565,Female,92806,43123.70010315336,0
9a710a54-f933-4a30-8f10-3f74e66b994b,70862.34468804453,743,20,9.214156223642156,0.26250376220428895,Male,65006,26581.319190487913,0
83e86b82-fe74-4271-94f6-738f1f03a1ea,92100.52249648611,629,67,11.032400777075273,0.29969855174595583,Female,97238,22262.21395572752,0
fcb5dced-1647-46de-b85c-5407e2d1bec6,75732.9720405971,641,33,5.947819282173155,0.3495298011248391,Other,79918,25940.625608537834,1
ad2412fa-5a0a-43d0-aeea-8eef9ec1b536,60684.131977981786,635,72,0.03617412124089725,0.29919487914097775,Female,73155,15206.106341480085,0
b24a0489-4f6c-4d52-a11f-4376a49087a0,24823.668405012057,474,36,8.904077139070688,0.19195984223841944,Female,77321,33438.93922642604,0
5b17935e-4c3e-4d22-a5c8-49abf91ed42e,78529.46593369413,509,68,1.8769954661582995,0.07093516275256961,Female,55798,1909.420207578416,0
e80bf541-616b-4098-a123-aafc55b03f6e,75959.84661909741,504,35,5.589422530516776,0.4438699395488218,Female,87271,8903.828073547109,1
ee494c0a-40fb-4e75-b4c7-fc9fea568b66,114662.99544428922,611,69,4.143245035981907,0.3855513190209541,Female,40177,13131.082730397971,0
d5453276-9b40-4b4a-b0aa-1dd87be2b537,51651.65500869848,738,33,10.62347928398448,0.04190835112554869,Female,92215,33120.331464722934,0
b4db3b26-c7df-4fe7-9945-17e15b938022,76574.50982991817,828,25,8.651635029616646,0.18798189756947148,Male,53013,20462.65214435135,0
42b67667-f295-48e6-ac93-08b3eb80bb60,77481.51051132266,701,77,4.597171008438146,0.32685981439100764,Male,92600,45405.85592054609,0
8e918e32-6b99-4efb-96f3-5393d21c1a1e,99725.0586339686,640,50,0.0,0.36638585303408516,Female,63450,37049.64634567763,0
f83d9665-30f8-4995-8947-6be1dd3e106a,57069.96392413272,455,66,1.8238626673539944,0.07223195115493625,Female,57928,12983.602366564814,0
b1c9b348-0bb2-4fdb-bacd-e425a566ea70,78370.64577311018,606,29,8.521111447422085,0.28661420001863674,Male,55382,34501.9868559793,1
a535a8f9-2ab4-4578-a113-9020cc136b63,88236.89529149618,586,79,6.400551305232922,0.38094818928809465,Male,95038,18876.894577719722,0
c630da22-70d9-4cdc-85ed-0c3254a7a4ee,64258.53264048712,550,70,0.0,0.24727322971510796,Female,10760,32097.707425359447,1
0dc98195-d087-4cf0-b71d-5d387b544fae,48115.94282896153,586,28,0.0,0.33837444726515903,Female,34142,37776.582453894596,0
75bf16bc-0b90-480b-986e-de2ccaad0e1c,64449.29481890685,562,22,5.977545750787283,0.22686721769332846,Female,27290,41720.71902719075,1
513ac266-95fb-4fb5-a077-220ffb485fe6,86877.60962142418,441,44,0.0,0.4363794527549283,Female,81035,28030.32354756875,0
10abd9a3-67e0-4ed9-8ef3-61e4769fd768,33323.85986501796,659,29,0.19601769581211492,0.1801071429200593,Female,10364,49001.85529720328,0
fb4bc8e7-0953-41f2-9dbe-df7baecfff80,62890.72669074533,514,34,8.36303864391327,0.128688264135843,Female,66921,31619.71534091908,0
66fe8478-2e14-400f-8134-c70ddd75fee4,41646.91921905109,619,23,11.01119390207837,0.3043390296092326,Female,29797,27025.78239186446,1
5cc8abd4-1e5a-45b6-af96-63a4469009d1,89973.68903758348,765,50,1.2464898648185079,0.08497110415672565,Female,42535,20462.284185100954,0
b29b10de-9cb0-4ef8-bff6-3d6a18919819,20658.733928013746,526,22,4.776198461939132,0.0,Female,56300,15530.364697174487,0
481bc4cc-0a63-49ad-b210-fb0ed3e809fb,53232.34458185235,447,74,4.628766670078197,0.462560294708102,Male,57176,31298.255890925586,1
e79ef488-a611-407f-9e25-5b2789a6d8ee,81316.35625193562,627,45,4.178979476517417,0.1523663277658772,Male,26105,26511.364554699765,0
41366361-0587-44e8-a3f3-84f792988774,116965.72087703021,738,31,5.2029923807814935,0.0999522626124281,Other,17939,28912.384009515845,0
99c3d5c9-6b1b-4357-81f0-5ae874b942af,68027.49216781037,806,22,8.782494639200781,0.17823618345755876,Male,89472,32211.187413344378,0
006d4351-a36f-427f-a289-bb6a4103f083,53344.014199204044,551,71,1.6303782663520225,0.1715024052883807,Male,52029,28849.022172145727,1
82bbe5bc-b351-486b-bbbc-b4143eb83eed,107469.50527073504,639,73,0.0,0.2786832808254684,Female,25863,55199.43110391777,0
ade2246b-c951-4cde-9bdc-fb211d387843,22575.645539385776,562,76,13.450049668018803,0.13597698994710497,Female,88097,17080.526737327928,0
923ca7d6-f91a-47a2-a265-28d36f8723a2,20000.0,641,50,10.447109622450252,0.37472792133842325,Male,20447,31484.40016179559,1
7f6746c4-9a9a-44f7-964b-31504f511fdf,83200.43350159997,850,79,0.0,0.39693511967365724,Male,56940,21584.60176226888,0
01604e78-a195-4d97-9d13-db69fb0d79a1,54938.37326942167,529,67,5.678160043879767,0.10875128240766971,Male,87947,1000.0,0
55cad269-266e-4313-b536-d2ba08140b46,33458.56316316681,620,65,10.053510822930551,0.20728550655774186,Female,95001,22097.907656973322,0
7eabe741-5bec-41fc-a7d6-01f978ac963a,91250.6934189806,687,58,8.745219722630196,0.2215414139942121,Male,29642,10952.544161221891,0
5afe98a2-6497-415d-857e-e124e004971e,77314.02141313597,736,36,7.310066549646423,0.27524889579504874,Male,77643,23997.663117393793,0
2ee8ba74-ebde-4641-8df8-375ef4a38ecd,53077.64107789815,657,39,4.148865542041281,0.46240252754755223,Male,17928,24603.962180024428,0
dd716c0a-49b6-47ef-a413-5370a04346af,26852.23783389219,624,22,13.636519625309788,0.47104701225039125,Female,58002,30780.368319090063,0
b10ead1d-55a0-459a-8ed3-7f60560feec6,96173.71984840435,618,76,6.1042943622973,0.674830107924868,Male,94853,17047.309370257462,0
f907430f-9c48-4b0f-bfa5-9fec8fbd067c,89506.03533875983,671,19,2.4252037033965483,0.0,Male,35017,18923.606263945887,0
521e61ed-bfe7-4ca3-9b74-1ca43de65dee,56971.01547362574,572,47,9.355378644227976,0.16135564152725565,Female,89064,35510.40479214923,1
dda0a494-7f51-4f18-82ff-179a0f20afe6,125399.10988142998,699,64,5.480293209757102,0.5721013771612475,Other,23313,12864.12205778316,0
2d1efee6-033b-47ee-98e2-c188eb682e68,32212.83845868311,570,56,6.748988636268112,0.029894952333474778,Female,11559,1000.0,0
2b594b01-9a7b-4613-a8fa-cbe0eac84f73,24234.244872257834,680,21,6.015746007956038,0.568689759625606,Other,60893,27355.47035389722,0
01df585b-aea7-4f68-9c72-044922b5f87a,41856.344218028265,597,50,7.483877868834549,0.3221026909714867,Female,25167,41062.731213523664,1
07f89820-fc84-45c7-b97f-a7b9e33c1ccc,68632.41950933507,740,30,0.10771873300396528,0.32761991595338164,Male,90879,35337.70713470329,0
7765e73f-e3eb-44e8-b14a-c7c4c608d4a1,65705.15595772864,595,37,0.0,0.10803030208207945,Female,48598,27632.262932954553,0
dea1c068-1916-4077-8f57-876e5a813a6d,62762.9182643101,508,71,12.170663616167921,0.2323255169993555,Male,17523,43759.68015023167,0
00a7c63f-8032-4867-9bce-e0208adf029e,68477.41261111456,700,24,6.247922808945846,0.562106453956486,Female,59777,41230.25858747374,0
17fe8e84-bbd6-41b4-b858-3825e61c8bdb,32453.81727428668,577,32,8.854236387042894,0.292847529713816,Male,38439,20036.282084064092,1
84c2946a-1df3-4f4d-9ffd-18d0d183df58,113312.93812219778,597,40,0.0,0.23332514576846924,Male,91060,28712.825925056044,1
2677d2d5-654d-4e90-9dad-24190f5da36d,57405.14495098949,552,31,10.333415543572514,0.3608578794568854,Female,23285,29356.90333954661,0
3fda4395-b105-4f3f-9600-c05592bc3239,103518.87494764384,759,40,2.392571773221162,0.2711673599546014,Male,20973,23698.740568861456,0
1146819f-88d8-40be-b848-e9d7340a5a63,68239.49633263145,429,36,0.9689091659547779,0.35177267247096616,Female,32694,42013.71356310818,1
86c2ec26-ddad-44d1-843d-24e94024738a,83702.59657461352,850,71,4.683134161840068,0.1725388001760118,Male,45774,22717.89349904843,0
96d8e88e-ce45-400e-b1ba-7f43f92df749,87093.01840696612,734,46,0.11009894728737635,0.2884271027087842,Male,14302,17495.816634925064,0
6f0c98c0-cf49-4823-a594-6d065f981868,70916.56828044153,617,73,4.991341508871965,0.20383856018389218,Female,32391,1000.0,0
e7fcf073-1605-47b3-9b3d-8579bea18256,75889.43037662237,595,37,4.318308264927567,0.029405003895798365,Female,14611,13025.441764394329,0
3b58d14c-528b-4849-9f31-df525479a9a9,93393.38951837701,622,46,10.301979526169413,0.37229366808715275,Female,19372,5268.73136794852,0
ed8d3ad0-bba0-4e89-9900-f9b72602088a,75895.63509104411,691,41,12.566722510697348,0.11493407376666667,Male,34312,24394.057731003468,0
493e0e9a-c52e-4b36-9c19-250fe9f45ad4,77579.59581850706,651,35,12.407578964207916,0.27528886048438467,Female,24080,6194.661243058683,0
9138ddd9-5660-4ae6-baa0-4c67302f01c0,57211.73979567571,644,80,0.0,0.4389102368741866,Female,90618,34130.27112503352,0
b347d2d2-b377-43c2-a386-f1340f20968a,96222.98899396155,607,27,0.32416585078357407,0.0753279815189355,Female,30874,41626.56412321058,0
1da9b49d-b7e5-408a-b799-7f1d82ea2bc2,49708.23093822191,634,58,0.0,0.39070261454244026,Male,72537,24532.648621178203,1
b9d2b369-67d7-4f6f-9888-3667ba358cb7,105423.9810392258,587,74,0.0,0.2550279814547006,Female,83914,10239.734256043874,0
99548293-eae6-405f-b087-72892b0faa56,58475.972258569236,584,25,1.752408945480843,0.15502148986094041,Female,11597,29296.005642723005,0
34a9aa06-f482-4419-b397-260082c8667d,23015.23489598977,690,43,7.052808076134718,0.6034384933329102,Female,21600,53402.125871320415,0
a674ed2d-c139-41dc-9363-e21f909fa002,62766.66258022512,647,79,2.400333827537298,0.2999165556367747,Female,13747,48737.20943986841,0
f5a255b2-fd93-4acd-894b-bb2d4e2d8889,42133.18273439054,364,46,2.539649645256771,0.2147860665634888,Female,89415,3908.819601438656,1
41bcc8cd-eb38-47a9-98fd-cb855d119aab,95219.30646966172,702,27,5.908823415998816,0.1829680616450397,Male,88553,3352.281647976426,0
5fa00012-3294-4eae-b64e-7ec81025b404,50421.28062092827,665,34,0.0,0.4321743702655044,Male,34815,1000.0,0
0d98f09f-bf83-446d-8ade-e813bc14d315,48122.32245302312,598,19,0.8070342351806818,0.20819156603048827,Female,94500,7945.3081937451825,0
e9482149-8064-4dcc-b17d-27f4aa1a032a,20000.0,618,23,2.482216870913137,0.4134777147811538,Male,34714,28773.88703152945,0
0f7bf16e-678b-4802-bd81-62d40f2bf7af,56430.8104225277,739,75,3.9879900568432793,0.2996280253315259,Male,28890,16649.585872451124,0
e9166fba-36da-4114-98c0-62310eb2fd14,20000.0,725,22,5.384769951127726,0.46742820966507725,Male,71509,12419.94946173086,0
29301682-5906-41b7-82c5-690c596ac78a,22482.915295428298,588,45,12.50324894866521,0.1436190828775674,Male,71824,40586.646512746775,0
90b0c750-1faf-4c49-a31e-c50456154b63,78890.57373167957,632,79,9.541680805405473,0.1645405141355993,Female,14725,32951.3967863144,0
64c58aa0-55b1-4347-854b-413740af1b0f,79537.90404559622,522,58,1.1534498775403264,0.2578492028954897,Female,53205,1000.0,1
3cceeb77-ae06-48a4-8bc6-f0a5795387f6,70349.1678255166,489,22,3.6933547027426608,0.2702900253712836,Female,30684,39725.870113144534,0
23400996-23c9-4637-89f9-ec8d1f045529,40990.71570612361,599,35,3.352804314539383,0.24681644569544842,Male,67911,32590.52083693058,1
cac64c44-9c03-4f4d-affa-661e0148d14f,58283.36041837951,668,43,2.4292374173962816,0.6947160608139776,Female,23092,32923.948870455584,0
78d5a9b9-6872-48c0-855f-2170a5287bf3,59408.13525319051,676,37,6.3625791291045495,0.6094870506527861,Female,49770,16442.889641041467,0
2fc4294b-9bc0-455f-9e37-39a21dc69acf,35249.059324223716,691,58,0.0,0.3448582612231565,Other,35457,22190.437303076647,0
04b2d1b9-a55f-4b5d-b8ea-a15861078ca2,97836.65669506234,658,66,9.40357194003242,0.3625458111075686,Female,81667,1000.0,0
ba1ec089-d994-4bfd-bb66-5d9f553e39f9,96320.86871727015,691,44,13.467753953576777,0.26453517298806284,Male,72894,38004.80008801938,0
afdef21d-4a4b-4cf9-8bc3-5296672e24b1,53865.41356734357,548,66,3.6507972966409157,0.14252616997228038,Female,71305,10016.09483048027,0
1888758f-9b63-4059-be23-c3e34882d4ae,70806.57516983592,684,29,3.5531778744108564,0.27268916391671216,Other,22612,11940.564533590841,0
369bcc68-8867-488c-88d1-3ccb59993a6c,64813.76160266259,664,24,5.785221236043357,0.41566766271930805,Female,88627,11737.880584604249,0
ea160a9e-e4f5-4025-944c-62b743f1fa10,17000.0,660,76,10.096929884801051,0.4958440142352013,Female,47089,52006.016753557284,1
9c1dc00b-a30f-4983-a3c1-091be3c9e083,62584.67852438209,745,20,3.3785314159137885,0.4493562630784058,Male,62137,14969.439028565695,0
90c564e7-b624-4198-ba37-01bc48c0b1ea,42109.401676056135,656,27,9.669725830508682,0.07353385602686827,Female,10559,39133.904103155844,0
3bf10ada-0aaf-414a-ad33-3f5a11e6a66c,33958.68974767965,628,51,7.442473362266213,0.256615848276943,Female,76249,24640.118426758276,0
31ac7d48-1ea9-4e4b-bff8-b1b0bca41dec,61566.99121342135,735,42,16.80805722002345,0.07966986527010114,Male,47361,12563.354298467812,0
4ea88fc1-b9a6-476e-a9c5-dcdbf9b6f8f2,105341.00643466282,597,52,3.35668992418852,0.4753265336104078,Female,90720,9843.999200804537,0
fe8a666f-58f8-491d-8197-0519d03230de,89225.2858380103,579,33,0.0,0.2381423407799501,Male,25261,15567.158687740122,0
264ee50d-504b-4c77-b0a1-30f0e00353c3,52864.6303065161,636,19,0.0,0.292933482655345,Male,30372,23883.078898361888,0
90cf25c6-e711-4eec-8347-1e274c482705,87177.48344068477,590,77,5.059641187000786,0.3720075402007502,Male,65355,34026.056595822614,0
